album_title,genres,critic_score,user_score,track_number,track_title,track_length,featured_artists,track_rating,track_rating_count,release_year,release_month,spotify_found,spotify_query,track_id,track_uri,popularity,danceability,energy,valence,tempo,loudness,speechiness,instrumentalness,liveness,acousticness
The College Dropout,"Chipmunk Soul, Pop Rap, Conscious Hip Hop, Neo-Soul, Spoken Word",81,91,1,Intro,0:19,,78,1909,2004,2,1,"track:""Intro""",2QAnRdO7qTAoY0XsqB5gcS,spotify:track:2QAnRdO7qTAoY0XsqB5gcS,53.0,,,,,,,,,
The College Dropout,"Chipmunk Soul, Pop Rap, Conscious Hip Hop, Neo-Soul, Spoken Word",81,91,2,We Don't Care,3:59,,93,4583,2004,2,1,"track:""We Don't Care""",0IW0qaeyxL5Et4UG2MrJKB,spotify:track:0IW0qaeyxL5Et4UG2MrJKB,67.0,,,,,,,,,
The College Dropout,"Chipmunk Soul, Pop Rap, Conscious Hip Hop, Neo-Soul, Spoken Word",81,91,3,Graduation Day,1:21,,82,2357,2004,2,1,"track:""Graduation Day""",7wL7Lb8Q3aYyq6gmRL0PZq,spotify:track:7wL7Lb8Q3aYyq6gmRL0PZq,55.0,,,,,,,,,
The College Dropout,"Chipmunk Soul, Pop Rap, Conscious Hip Hop, Neo-Soul, Spoken Word",81,91,4,All Falls Down,3:43,Syleena Johnson,96,4685,2004,2,1,"track:""All Falls Down""",5SkRLpaGtvYPhw02vZhQQ9,spotify:track:5SkRLpaGtvYPhw02vZhQQ9,84.0,,,,,,,,,
The College Dropout,"Chipmunk Soul, Pop Rap, Conscious Hip Hop, Neo-Soul, Spoken Word",81,91,5,I'll Fly Away,1:09,,83,2470,2004,2,1,"track:""I'll Fly Away""",4rJtUMlnhJzlzlnxyoc3tb,spotify:track:4rJtUMlnhJzlzlnxyoc3tb,57.0,,,,,,,,,
The College Dropout,"Chipmunk Soul, Pop Rap, Conscious Hip Hop, Neo-Soul, Spoken Word",81,91,6,Spaceship,5:24,"GLC, Consequence",94,4548,2004,2,1,"track:""Spaceship""",4JAwaqKeJ1hbyhvUjAQad8,spotify:track:4JAwaqKeJ1hbyhvUjAQad8,47.0,,,,,,,,,
The College Dropout,"Chipmunk Soul, Pop Rap, Conscious Hip Hop, Neo-Soul, Spoken Word",81,91,7,Jesus Walks,3:13,,96,4575,2004,2,1,"track:""Jesus Walks""",5g1vtHqi9uV7xtYeCcFOBx,spotify:track:5g1vtHqi9uV7xtYeCcFOBx,71.0,,,,,,,,,
The College Dropout,"Chipmunk Soul, Pop Rap, Conscious Hip Hop, Neo-Soul, Spoken Word",81,91,8,Never Let Me Down,5:24,"JAY-Z, J. Ivy",91,4413,2004,2,1,"track:""Never Let Me Down""",0s1QJOcvZKjSp3QrtAsRuh,spotify:track:0s1QJOcvZKjSp3QrtAsRuh,46.0,,,,,,,,,
The College Dropout,"Chipmunk Soul, Pop Rap, Conscious Hip Hop, Neo-Soul, Spoken Word",81,91,9,Get Em High,4:49,"Talib Kweli, Common",86,4314,2004,2,1,"track:""Get Em High""",5b2FFKC64kxqcfaFnIZxoM,spotify:track:5b2FFKC64kxqcfaFnIZxoM,60.0,,,,,,,,,
The College Dropout,"Chipmunk Soul, Pop Rap, Conscious Hip Hop, Neo-Soul, Spoken Word",81,91,10,Workout Plan,0:46,,74,1927,2004,2,1,"track:""Workout Plan""",2a1JSfTePKhysdIif2bzut,spotify:track:2a1JSfTePKhysdIif2bzut,51.0,,,,,,,,,
The College Dropout,"Chipmunk Soul, Pop Rap, Conscious Hip Hop, Neo-Soul, Spoken Word",81,91,11,The New Workout Plan,5:22,,88,4391,2004,2,1,"track:""The New Workout Plan""",1Vp4St7JcXaUoJcIahtf3L,spotify:track:1Vp4St7JcXaUoJcIahtf3L,63.0,,,,,,,,,
The College Dropout,"Chipmunk Soul, Pop Rap, Conscious Hip Hop, Neo-Soul, Spoken Word",81,91,12,Slow Jamz,5:16,"Twista, Jamie Foxx",94,4462,2004,2,1,"track:""Slow Jamz""",3A4cpTBPaIQdtPFb5JxtaX,spotify:track:3A4cpTBPaIQdtPFb5JxtaX,73.0,,,,,,,,,
The College Dropout,"Chipmunk Soul, Pop Rap, Conscious Hip Hop, Neo-Soul, Spoken Word",81,91,13,Breathe In Breathe Out,4:06,Ludacris,83,4261,2004,2,1,"track:""Breathe In Breathe Out""",6m16iU8EK8k38YqL8VoJQa,spotify:track:6m16iU8EK8k38YqL8VoJQa,51.0,,,,,,,,,
The College Dropout,"Chipmunk Soul, Pop Rap, Conscious Hip Hop, Neo-Soul, Spoken Word",81,91,14,School Spirit Skit 1,1:18,,78,1857,2004,2,1,"track:""School Spirit Skit 1""",25mwJPzWVmS2yronBNQJF1,spotify:track:25mwJPzWVmS2yronBNQJF1,49.0,,,,,,,,,
The College Dropout,"Chipmunk Soul, Pop Rap, Conscious Hip Hop, Neo-Soul, Spoken Word",81,91,15,School Spirit,3:02,,85,4117,2004,2,1,"track:""School Spirit""",1th3G3okofWlvGWAAR7Y4V,spotify:track:1th3G3okofWlvGWAAR7Y4V,57.0,,,,,,,,,
The College Dropout,"Chipmunk Soul, Pop Rap, Conscious Hip Hop, Neo-Soul, Spoken Word",81,91,16,School Spirit Skit 2,0:43,,78,1844,2004,2,1,"track:""School Spirit Skit 2""",5MAY7XyW322jMwLDtBQgsZ,spotify:track:5MAY7XyW322jMwLDtBQgsZ,49.0,,,,,,,,,
The College Dropout,"Chipmunk Soul, Pop Rap, Conscious Hip Hop, Neo-Soul, Spoken Word",81,91,17,Lil Jimmy Skit,0:53,,80,1915,2004,2,1,"track:""Lil Jimmy Skit""",4BhwlQ9mTwhFGXpQvP9JTV,spotify:track:4BhwlQ9mTwhFGXpQvP9JTV,49.0,,,,,,,,,
The College Dropout,"Chipmunk Soul, Pop Rap, Conscious Hip Hop, Neo-Soul, Spoken Word",81,91,18,Two Words,4:26,"Mos Def, Freeway, The Boys Choir of Harlem",95,4421,2004,2,1,"track:""Two Words""",62wtttQzoIA9HnNmGVd9Yq,spotify:track:62wtttQzoIA9HnNmGVd9Yq,64.0,,,,,,,,,
The College Dropout,"Chipmunk Soul, Pop Rap, Conscious Hip Hop, Neo-Soul, Spoken Word",81,91,19,Through the Wire,3:41,,97,4582,2004,2,1,"track:""Through the Wire""",4mmkhcEm1Ljy1U9nwtsxUo,spotify:track:4mmkhcEm1Ljy1U9nwtsxUo,76.0,,,,,,,,,
The College Dropout,"Chipmunk Soul, Pop Rap, Conscious Hip Hop, Neo-Soul, Spoken Word",81,91,20,Family Business,4:38,,96,4474,2004,2,1,"track:""Family Business""",5DBmXF7QO43Cuy9yqva116,spotify:track:5DBmXF7QO43Cuy9yqva116,70.0,,,,,,,,,
The College Dropout,"Chipmunk Soul, Pop Rap, Conscious Hip Hop, Neo-Soul, Spoken Word",81,91,21,Last Call,12:40,,94,4312,2004,2,1,"track:""Last Call""",7iOhWWYjhhQiXzF4o4HhXN,spotify:track:7iOhWWYjhhQiXzF4o4HhXN,62.0,,,,,,,,,
Late Registration,"Pop Rap, Conscious Hip Hop, Jazz Rap, Neo-Soul, Chipmunk Soul",84,90,1,Wake Up Mr. West,0:41,,82,1685,2005,8,1,"track:""Wake Up Mr. West""",62KeM7jbmYvzT5FycdiQeS,spotify:track:62KeM7jbmYvzT5FycdiQeS,52.0,,,,,,,,,
Late Registration,"Pop Rap, Conscious Hip Hop, Jazz Rap, Neo-Soul, Chipmunk Soul",84,90,2,Heard 'Em Say,3:23,Adam Levine,94,3722,2005,8,1,"track:""Heard 'Em Say""",6yIjtVtnOBeC8SwdVHzAuF,spotify:track:6yIjtVtnOBeC8SwdVHzAuF,67.0,,,,,,,,,
Late Registration,"Pop Rap, Conscious Hip Hop, Jazz Rap, Neo-Soul, Chipmunk Soul",84,90,3,Touch the Sky,3:56,Lupe Fiasco,97,3828,2005,8,1,"track:""Touch the Sky""",2dxjKgT0li4qBI3QwuN9Ih,spotify:track:2dxjKgT0li4qBI3QwuN9Ih,79.0,,,,,,,,,
Late Registration,"Pop Rap, Conscious Hip Hop, Jazz Rap, Neo-Soul, Chipmunk Soul",84,90,4,Gold Digger,3:27,Jamie Foxx,91,3716,2005,8,1,"track:""Gold Digger""",1PS1QMdUqOal0ai3Gt7sDQ,spotify:track:1PS1QMdUqOal0ai3Gt7sDQ,81.0,,,,,,,,,
Late Registration,"Pop Rap, Conscious Hip Hop, Jazz Rap, Neo-Soul, Chipmunk Soul",84,90,5,Skit #1,0:33,,78,1462,2005,8,1,"track:""Skit #1""",164al00XRSLWG6h4hc12bD,spotify:track:164al00XRSLWG6h4hc12bD,50.0,,,,,,,,,
Late Registration,"Pop Rap, Conscious Hip Hop, Jazz Rap, Neo-Soul, Chipmunk Soul",84,90,6,Drive Slow,4:32,"Paul Wall, GLC",90,3576,2005,8,1,"track:""Drive Slow""",5iHO0dAm9FmDA017mWdFkB,spotify:track:5iHO0dAm9FmDA017mWdFkB,63.0,,,,,,,,,
Late Registration,"Pop Rap, Conscious Hip Hop, Jazz Rap, Neo-Soul, Chipmunk Soul",84,90,7,My Way Home,1:43,Common,86,3263,2005,8,1,"track:""My Way Home""",0TzIHqhAbvYR6qJKrMMFlk,spotify:track:0TzIHqhAbvYR6qJKrMMFlk,56.0,,,,,,,,,
Late Registration,"Pop Rap, Conscious Hip Hop, Jazz Rap, Neo-Soul, Chipmunk Soul",84,90,8,Crack Music,4:30,The Game,86,3487,2005,8,1,"track:""Crack Music""",4fRTe59xEeNHT4uyAGsV27,spotify:track:4fRTe59xEeNHT4uyAGsV27,56.0,,,,,,,,,
Late Registration,"Pop Rap, Conscious Hip Hop, Jazz Rap, Neo-Soul, Chipmunk Soul",84,90,9,Roses,4:05,,95,3642,2005,8,1,"track:""Roses""",3vv9phIu6Y1vX3jcqaGz5Z,spotify:track:3vv9phIu6Y1vX3jcqaGz5Z,81.0,,,,,,,,,
Late Registration,"Pop Rap, Conscious Hip Hop, Jazz Rap, Neo-Soul, Chipmunk Soul",84,90,10,Bring Me Down,3:18,Brandy,88,3413,2005,8,1,"track:""Bring Me Down""",72ahyckBJfTigJCFCviVN7,spotify:track:72ahyckBJfTigJCFCviVN7,75.0,,,,,,,,,
Late Registration,"Pop Rap, Conscious Hip Hop, Jazz Rap, Neo-Soul, Chipmunk Soul",84,90,11,Addiction,4:27,,87,3450,2005,8,1,"track:""Addiction""",01VzuxoBYMAJLObfU0w6dI,spotify:track:01VzuxoBYMAJLObfU0w6dI,63.0,,,,,,,,,
Late Registration,"Pop Rap, Conscious Hip Hop, Jazz Rap, Neo-Soul, Chipmunk Soul",84,90,12,Skit #2,0:31,,77,1431,2005,8,1,"track:""Skit #2""",466XcSgGAiQxcDrcV0yoMP,spotify:track:466XcSgGAiQxcDrcV0yoMP,50.0,,,,,,,,,
Late Registration,"Pop Rap, Conscious Hip Hop, Jazz Rap, Neo-Soul, Chipmunk Soul",84,90,13,Diamonds from Sierra Leone (Remix),3:53,JAY-Z,96,3625,2005,8,1,"track:""Diamonds from Sierra Leone (Remix)""",34KUIBsIUiPV7oCIzSdDAU,spotify:track:34KUIBsIUiPV7oCIzSdDAU,63.0,,,,,,,,,
Late Registration,"Pop Rap, Conscious Hip Hop, Jazz Rap, Neo-Soul, Chipmunk Soul",84,90,14,We Major,7:28,"Nas, Really Doe",96,3732,2005,8,1,"track:""We Major""",46fk9wjYcPm0sgym2b7EEE,spotify:track:46fk9wjYcPm0sgym2b7EEE,66.0,,,,,,,,,
Late Registration,"Pop Rap, Conscious Hip Hop, Jazz Rap, Neo-Soul, Chipmunk Soul",84,90,15,Skit #3,0:24,,76,1424,2005,8,1,"track:""Skit #3""",2Lrf6iSdWCaYhgPntk0Dth,spotify:track:2Lrf6iSdWCaYhgPntk0Dth,22.0,,,,,,,,,
Late Registration,"Pop Rap, Conscious Hip Hop, Jazz Rap, Neo-Soul, Chipmunk Soul",84,90,16,Hey Mama,5:05,,95,3628,2005,8,1,"track:""Hey Mama""",285HeuLxsngjFn4GGegGNm,spotify:track:285HeuLxsngjFn4GGegGNm,75.0,,,,,,,,,
Late Registration,"Pop Rap, Conscious Hip Hop, Jazz Rap, Neo-Soul, Chipmunk Soul",84,90,17,Celebration,3:18,,87,3397,2005,8,1,"track:""Celebration""",3K7Q9PHUWPTaknlbFPThn2,spotify:track:3K7Q9PHUWPTaknlbFPThn2,72.0,,,,,,,,,
Late Registration,"Pop Rap, Conscious Hip Hop, Jazz Rap, Neo-Soul, Chipmunk Soul",84,90,18,Skit #4,1:18,,82,1537,2005,8,1,"track:""Skit #4""",3zXhvJaLpxefYIxBE0cnB0,spotify:track:3zXhvJaLpxefYIxBE0cnB0,45.0,,,,,,,,,
Late Registration,"Pop Rap, Conscious Hip Hop, Jazz Rap, Neo-Soul, Chipmunk Soul",84,90,19,Gone,5:33,"Consequence, Cam'ron",91,3426,2005,8,1,"track:""Gone""",3Dy4xsff7c0fRaTJpA54yd,spotify:track:3Dy4xsff7c0fRaTJpA54yd,82.0,,,,,,,,,
Late Registration,"Pop Rap, Conscious Hip Hop, Jazz Rap, Neo-Soul, Chipmunk Soul",84,90,20,Diamonds from Sierra Leone,3:58,,93,3034,2005,8,1,"track:""Diamonds from Sierra Leone""",34KUIBsIUiPV7oCIzSdDAU,spotify:track:34KUIBsIUiPV7oCIzSdDAU,63.0,,,,,,,,,
Late Registration,"Pop Rap, Conscious Hip Hop, Jazz Rap, Neo-Soul, Chipmunk Soul",84,90,21,Late,3:50,,91,3301,2005,8,1,"track:""Late""",0EoSrTdvumvFADnIUmRw0I,spotify:track:0EoSrTdvumvFADnIUmRw0I,52.0,,,,,,,,,
Graduation,"Pop Rap, Electropop, Chipmunk Soul, Electro Hop",76,86,1,Good Morning,3:15,,92,4703,2007,9,1,"track:""Good Morning""",6MXXY2eiWkpDCezVCc0cMH,spotify:track:6MXXY2eiWkpDCezVCc0cMH,73.0,,,,,,,,,
Graduation,"Pop Rap, Electropop, Chipmunk Soul, Electro Hop",76,86,2,Champion,2:47,,91,4647,2007,9,1,"track:""Champion""",5rS8XETVAYJGfDPW8DSrY5,spotify:track:5rS8XETVAYJGfDPW8DSrY5,48.0,,,,,,,,,
Graduation,"Pop Rap, Electropop, Chipmunk Soul, Electro Hop",76,86,3,Stronger,5:11,,92,4733,2007,9,1,"track:""Stronger""",0j2T0R9dR9qdJYsB7ciXhf,spotify:track:0j2T0R9dR9qdJYsB7ciXhf,83.0,,,,,,,,,
Graduation,"Pop Rap, Electropop, Chipmunk Soul, Electro Hop",76,86,4,I Wonder,4:03,,95,4772,2007,9,1,"track:""I Wonder""",7rbECVPkY5UODxoOUVKZnA,spotify:track:7rbECVPkY5UODxoOUVKZnA,83.0,,,,,,,,,
Graduation,"Pop Rap, Electropop, Chipmunk Soul, Electro Hop",76,86,5,Good Life,3:27,T-Pain,89,4570,2007,9,1,"track:""Good Life""",6OtCIsQZ64Vs1EbzztvAv4,spotify:track:6OtCIsQZ64Vs1EbzztvAv4,75.0,,,,,,,,,
Graduation,"Pop Rap, Electropop, Chipmunk Soul, Electro Hop",76,86,6,Can't Tell Me Nothing,4:31,,92,4660,2007,9,1,"track:""Can't Tell Me Nothing""",0mEdbdeRFQwBhN4xfyIeUM,spotify:track:0mEdbdeRFQwBhN4xfyIeUM,84.0,,,,,,,,,
Graduation,"Pop Rap, Electropop, Chipmunk Soul, Electro Hop",76,86,7,Barry Bonds,3:24,Lil Wayne,74,4488,2007,9,1,"track:""Barry Bonds""",7387VaiHpOsSIZ5nmjseya,spotify:track:7387VaiHpOsSIZ5nmjseya,63.0,,,,,,,,,
Graduation,"Pop Rap, Electropop, Chipmunk Soul, Electro Hop",76,86,8,Drunk and Hot Girls,5:13,Mos Def,61,4560,2007,9,1,"track:""Drunk and Hot Girls""",7DRuzSlhjKadgdsQRYZ0tr,spotify:track:7DRuzSlhjKadgdsQRYZ0tr,62.0,,,,,,,,,
Graduation,"Pop Rap, Electropop, Chipmunk Soul, Electro Hop",76,86,9,Flashing Lights,3:57,Dwele,95,4763,2007,9,1,"track:""Flashing Lights""",5TRPicyLGbAF2LGBFbHGvO,spotify:track:5TRPicyLGbAF2LGBFbHGvO,87.0,,,,,,,,,
Graduation,"Pop Rap, Electropop, Chipmunk Soul, Electro Hop",76,86,10,Everything I Am,3:47,DJ Premier,91,4576,2007,9,1,"track:""Everything I Am""",0NrtwAmRAdLxua31SzHvXr,spotify:track:0NrtwAmRAdLxua31SzHvXr,76.0,,,,,,,,,
Graduation,"Pop Rap, Electropop, Chipmunk Soul, Electro Hop",76,86,11,The Glory,3:32,,85,4426,2007,9,1,"track:""The Glory""",0lWjRSzq5chA9fps3pM8Zr,spotify:track:0lWjRSzq5chA9fps3pM8Zr,67.0,,,,,,,,,
Graduation,"Pop Rap, Electropop, Chipmunk Soul, Electro Hop",76,86,12,Homecoming,3:23,Chris Martin,93,4644,2007,9,1,"track:""Homecoming""",4iz9lGMjU1lXS51oPmUmTe,spotify:track:4iz9lGMjU1lXS51oPmUmTe,83.0,,,,,,,,,
Graduation,"Pop Rap, Electropop, Chipmunk Soul, Electro Hop",76,86,13,Big Brother,4:47,,87,4427,2007,9,1,"track:""Big Brother""",2L47m9erkB5KBZcaqWtYen,spotify:track:2L47m9erkB5KBZcaqWtYen,65.0,,,,,,,,,
808s & Heartbreak,"Synthpop, Electropop, Art Pop, Pop Rap, Alternative R&B",74,80,1,Say You Will,6:17,,85,2886,2008,11,1,"track:""Say You Will""",4MOVvLoJH0Q9V6hIjarPjP,spotify:track:4MOVvLoJH0Q9V6hIjarPjP,49.0,,,,,,,,,
808s & Heartbreak,"Synthpop, Electropop, Art Pop, Pop Rap, Alternative R&B",74,80,2,Welcome to Heartbreak,4:22,Kid Cudi,88,2898,2008,11,1,"track:""Welcome to Heartbreak""",3F18I7LhWKxlf1PytSoTBH,spotify:track:3F18I7LhWKxlf1PytSoTBH,61.0,,,,,,,,,
808s & Heartbreak,"Synthpop, Electropop, Art Pop, Pop Rap, Alternative R&B",74,80,3,Heartless,3:31,,93,3015,2008,11,1,"track:""Heartless""",4EWCNWgDS8707fNSZ1oaA5,spotify:track:4EWCNWgDS8707fNSZ1oaA5,86.0,,,,,,,,,
808s & Heartbreak,"Synthpop, Electropop, Art Pop, Pop Rap, Alternative R&B",74,80,4,Amazing,3:58,Young Jeezy,83,2843,2008,11,1,"track:""Amazing""",6D5t9MmolqI4gUPVzsNr5k,spotify:track:6D5t9MmolqI4gUPVzsNr5k,10.0,,,,,,,,,
808s & Heartbreak,"Synthpop, Electropop, Art Pop, Pop Rap, Alternative R&B",74,80,5,Love Lockdown,4:30,,88,2871,2008,11,1,"track:""Love Lockdown""",1kxeWHF9PrCVZHvVskv8lg,spotify:track:1kxeWHF9PrCVZHvVskv8lg,66.0,,,,,,,,,
808s & Heartbreak,"Synthpop, Electropop, Art Pop, Pop Rap, Alternative R&B",74,80,6,Paranoid,4:37,Mr Hudson,91,2914,2008,11,1,"track:""Paranoid""",3Jnxngdff0lVu2rza1GVx6,spotify:track:3Jnxngdff0lVu2rza1GVx6,81.0,,,,,,,,,
808s & Heartbreak,"Synthpop, Electropop, Art Pop, Pop Rap, Alternative R&B",74,80,7,RoboCop,4:34,,81,2819,2008,11,1,"track:""RoboCop""",02LAK7qT1wya0klSeNO96f,spotify:track:02LAK7qT1wya0klSeNO96f,57.0,,,,,,,,,
808s & Heartbreak,"Synthpop, Electropop, Art Pop, Pop Rap, Alternative R&B",74,80,8,Street Lights,3:09,,91,2891,2008,11,1,"track:""Street Lights""",6j8gTlbhj9KJSeypNcNAS9,spotify:track:6j8gTlbhj9KJSeypNcNAS9,63.0,,,,,,,,,
808s & Heartbreak,"Synthpop, Electropop, Art Pop, Pop Rap, Alternative R&B",74,80,9,Bad News,3:58,,78,2740,2008,11,1,"track:""Bad News""",7FxzgizJRGTQ3fxUqfvljg,spotify:track:7FxzgizJRGTQ3fxUqfvljg,70.0,,,,,,,,,
808s & Heartbreak,"Synthpop, Electropop, Art Pop, Pop Rap, Alternative R&B",74,80,10,See You in My Nightmares,4:18,Lil Wayne,73,2762,2008,11,1,"track:""See You in My Nightmares""",5zuoz1NBnpoHK6g5sbEH8F,spotify:track:5zuoz1NBnpoHK6g5sbEH8F,57.0,,,,,,,,,
808s & Heartbreak,"Synthpop, Electropop, Art Pop, Pop Rap, Alternative R&B",74,80,11,Coldest Winter,2:44,,86,2813,2008,11,1,"track:""Coldest Winter""",2RRFTLIglxHgAYQzsSLI4Y,spotify:track:2RRFTLIglxHgAYQzsSLI4Y,58.0,,,,,,,,,
808s & Heartbreak,"Synthpop, Electropop, Art Pop, Pop Rap, Alternative R&B",74,80,12,Pinocchio Story (Freestyle Live From Singapore),6:01,,74,2454,2008,11,0,,,,,,,,,,,,,
My Beautiful Dark Twisted Fantasy,"Pop Rap, Art Pop, Experimental Hip Hop",91,89,1,Dark Fantasy,4:40,,94,6305,2010,11,1,"track:""Dark Fantasy""",7yNK27ZTpHew0c55VvIJgm,spotify:track:7yNK27ZTpHew0c55VvIJgm,70.0,,,,,,,,,
My Beautiful Dark Twisted Fantasy,"Pop Rap, Art Pop, Experimental Hip Hop",91,89,2,Gorgeous,5:57,"Kid Cudi, Raekwon",91,6189,2010,11,1,"track:""Gorgeous""",5T0mnzMsyHtmWB7Kou51Ph,spotify:track:5T0mnzMsyHtmWB7Kou51Ph,75.0,,,,,,,,,
My Beautiful Dark Twisted Fantasy,"Pop Rap, Art Pop, Experimental Hip Hop",91,89,3,POWER,4:52,,96,6374,2010,11,1,"track:""POWER""",2gZUPNdnz5Y45eiGxpHGSc,spotify:track:2gZUPNdnz5Y45eiGxpHGSc,80.0,,,,,,,,,
My Beautiful Dark Twisted Fantasy,"Pop Rap, Art Pop, Experimental Hip Hop",91,89,4,All of the Lights (Interlude),1:02,,87,4275,2010,11,1,"track:""All of the Lights (Interlude)""",4D6TpthzUVNTjWQqfBW5Kb,spotify:track:4D6TpthzUVNTjWQqfBW5Kb,60.0,,,,,,,,,
My Beautiful Dark Twisted Fantasy,"Pop Rap, Art Pop, Experimental Hip Hop",91,89,5,All of the Lights,4:59,,93,6298,2010,11,1,"track:""All of the Lights""",22L7bfCiAkJo5xGSQgmiIO,spotify:track:22L7bfCiAkJo5xGSQgmiIO,81.0,,,,,,,,,
My Beautiful Dark Twisted Fantasy,"Pop Rap, Art Pop, Experimental Hip Hop",91,89,6,Monster,6:18,"JAY-Z, Rick Ross, Nicki Minaj, Bon Iver",89,6166,2010,11,1,"track:""Monster""",48RrDBpOSSl1aLVCalGl5C,spotify:track:48RrDBpOSSl1aLVCalGl5C,83.0,,,,,,,,,
My Beautiful Dark Twisted Fantasy,"Pop Rap, Art Pop, Experimental Hip Hop",91,89,7,So Appalled,6:38,"JAY-Z, Pusha T, Prince Cy Hi, Swizz Beatz, The RZA",88,6036,2010,11,1,"track:""So Appalled""",6K07Ahf6V7CAQn0ikrOztl,spotify:track:6K07Ahf6V7CAQn0ikrOztl,63.0,,,,,,,,,
My Beautiful Dark Twisted Fantasy,"Pop Rap, Art Pop, Experimental Hip Hop",91,89,8,Devil in a New Dress,5:52,Rick Ross,96,6386,2010,11,1,"track:""Devil in a New Dress""",1UGD3lW3tDmgZfAVDh6w7r,spotify:track:1UGD3lW3tDmgZfAVDh6w7r,80.0,,,,,,,,,
My Beautiful Dark Twisted Fantasy,"Pop Rap, Art Pop, Experimental Hip Hop",91,89,9,Runaway,9:08,Pusha T,97,6516,2010,11,1,"track:""Runaway""",3DK6m7It6Pw857FcQftMds,spotify:track:3DK6m7It6Pw857FcQftMds,84.0,,,,,,,,,
My Beautiful Dark Twisted Fantasy,"Pop Rap, Art Pop, Experimental Hip Hop",91,89,10,Hell of a Life,5:27,,86,6030,2010,11,1,"track:""Hell of a Life""",3rCNmRonlHN1TXQLcG3dSk,spotify:track:3rCNmRonlHN1TXQLcG3dSk,69.0,,,,,,,,,
My Beautiful Dark Twisted Fantasy,"Pop Rap, Art Pop, Experimental Hip Hop",91,89,11,Blame Game,7:49,John Legend,79,5995,2010,11,1,"track:""Blame Game""",4EndPA8b6FDWYp1RgsnLEB,spotify:track:4EndPA8b6FDWYp1RgsnLEB,62.0,,,,,,,,,
My Beautiful Dark Twisted Fantasy,"Pop Rap, Art Pop, Experimental Hip Hop",91,89,12,Lost in the World,4:16,Bon Iver,89,5994,2010,11,1,"track:""Lost in the World""",2Im64pIz6m0EJKdUe6eZ8r,spotify:track:2Im64pIz6m0EJKdUe6eZ8r,65.0,,,,,,,,,
My Beautiful Dark Twisted Fantasy,"Pop Rap, Art Pop, Experimental Hip Hop",91,89,13,Who Will Survive in America,1:38,,80,4168,2010,11,1,"track:""Who Will Survive in America""",4e5IPJxSGVWPsaxQzdRseN,spotify:track:4e5IPJxSGVWPsaxQzdRseN,55.0,,,,,,,,,
Watch the Throne,"Pop Rap, Chipmunk Soul, Hardcore Hip Hop, Alternative R&B",74,71,1,No Church in the Wild,4:32,"Frank Ocean, The-Dream",91,1759,2011,8,1,"track:""No Church in the Wild""",7r6PigmGzlB3YPB7wvBBbi,spotify:track:7r6PigmGzlB3YPB7wvBBbi,77.0,,,,,,,,,
Watch the Throne,"Pop Rap, Chipmunk Soul, Hardcore Hip Hop, Alternative R&B",74,71,2,Lift Off,4:26,Beyonc√©,75,1602,2011,8,1,"track:""Lift Off""",060AmlKT5Y6xOKS1X4mUK1,spotify:track:060AmlKT5Y6xOKS1X4mUK1,61.0,,,,,,,,,
Watch the Throne,"Pop Rap, Chipmunk Soul, Hardcore Hip Hop, Alternative R&B",74,71,3,Niggas in Paris,3:39,,92,1803,2011,8,1,"track:""Niggas in Paris""",2U6u4NcGmeIgkDjTMrIidr,spotify:track:2U6u4NcGmeIgkDjTMrIidr,46.0,,,,,,,,,
Watch the Throne,"Pop Rap, Chipmunk Soul, Hardcore Hip Hop, Alternative R&B",74,71,4,Otis,2:58,Otis Redding,90,1750,2011,8,1,"track:""Otis""",14I61w6cyYUHiV2n28IYdP,spotify:track:14I61w6cyYUHiV2n28IYdP,71.0,,,,,,,,,
Watch the Throne,"Pop Rap, Chipmunk Soul, Hardcore Hip Hop, Alternative R&B",74,71,5,Gotta Have It,2:20,,77,1552,2011,8,1,"track:""Gotta Have It""",2aqe2NgAwmMlPgtf1MnGoy,spotify:track:2aqe2NgAwmMlPgtf1MnGoy,64.0,,,,,,,,,
Watch the Throne,"Pop Rap, Chipmunk Soul, Hardcore Hip Hop, Alternative R&B",74,71,6,New Day,4:32,,77,1544,2011,8,1,"track:""New Day""",7JaLeid7tj8RtxBGbZvlG4,spotify:track:7JaLeid7tj8RtxBGbZvlG4,48.0,,,,,,,,,
Watch the Throne,"Pop Rap, Chipmunk Soul, Hardcore Hip Hop, Alternative R&B",74,71,7,That's My Bitch,3:22,,74,1545,2011,8,1,"track:""That's My Bitch""",1BMzxGds8WSK39p4y432fl,spotify:track:1BMzxGds8WSK39p4y432fl,54.0,,,,,,,,,
Watch the Throne,"Pop Rap, Chipmunk Soul, Hardcore Hip Hop, Alternative R&B",74,71,8,Welcome to the Jungle,2:54,,65,1515,2011,8,1,"track:""Welcome to the Jungle""",0G21yYKMZoHa30cYVi1iA8,spotify:track:0G21yYKMZoHa30cYVi1iA8,85.0,,,,,,,,,
Watch the Throne,"Pop Rap, Chipmunk Soul, Hardcore Hip Hop, Alternative R&B",74,71,9,Who Gon Stop Me,4:16,,63,1529,2011,8,1,"track:""Who Gon Stop Me""",22ngk2DRBy7audIugfYDKd,spotify:track:22ngk2DRBy7audIugfYDKd,55.0,,,,,,,,,
Watch the Throne,"Pop Rap, Chipmunk Soul, Hardcore Hip Hop, Alternative R&B",74,71,10,Murder to Excellence,5:00,,80,1538,2011,8,1,"track:""Murder to Excellence""",3Gjc2FE6BEMMHURUjlMXvX,spotify:track:3Gjc2FE6BEMMHURUjlMXvX,57.0,,,,,,,,,
Watch the Throne,"Pop Rap, Chipmunk Soul, Hardcore Hip Hop, Alternative R&B",74,71,11,Made in America,4:52,Frank Ocean,73,1520,2011,8,1,"track:""Made in America""",0qM9UF4CbazQ5xa8PCTopE,spotify:track:0qM9UF4CbazQ5xa8PCTopE,52.0,,,,,,,,,
Watch the Throne,"Pop Rap, Chipmunk Soul, Hardcore Hip Hop, Alternative R&B",74,71,12,Why I Love You,3:19,Mr Hudson,78,1541,2011,8,1,"track:""Why I Love You""",4bDPr2VAjcfgUDmN9dGOC3,spotify:track:4bDPr2VAjcfgUDmN9dGOC3,71.0,,,,,,,,,
Yeezus,"Industrial Hip Hop, Experimental Hip Hop, Electro-Industrial, Hardcore Hip Hop",83,84,1,On Sight,2:36,,91,4751,2013,6,1,"track:""On Sight""",1gqkRc9WtOpnGIqxf2Hvzr,spotify:track:1gqkRc9WtOpnGIqxf2Hvzr,73.0,,,,,,,,,
Yeezus,"Industrial Hip Hop, Experimental Hip Hop, Electro-Industrial, Hardcore Hip Hop",83,84,2,Black Skinhead,3:08,,93,4692,2013,6,1,"track:""Black Skinhead""",722tgOgdIbNe3BEyLnejw4,spotify:track:722tgOgdIbNe3BEyLnejw4,72.0,,,,,,,,,
Yeezus,"Industrial Hip Hop, Experimental Hip Hop, Electro-Industrial, Hardcore Hip Hop",83,84,3,I Am a God,3:51,,83,4533,2013,6,1,"track:""I Am a God""",0HMCdlOPJkAGlB0MlSWIcO,spotify:track:0HMCdlOPJkAGlB0MlSWIcO,60.0,,,,,,,,,
Yeezus,"Industrial Hip Hop, Experimental Hip Hop, Electro-Industrial, Hardcore Hip Hop",83,84,4,New Slaves,4:16,,93,4646,2013,6,1,"track:""New Slaves""",4cAgkb0ifwn0FSHGXnr4F6,spotify:track:4cAgkb0ifwn0FSHGXnr4F6,66.0,,,,,,,,,
Yeezus,"Industrial Hip Hop, Experimental Hip Hop, Electro-Industrial, Hardcore Hip Hop",83,84,5,Hold My Liquor,5:26,,91,4585,2013,6,1,"track:""Hold My Liquor""",5nIu0VwPOsjkF61zfevLKh,spotify:track:5nIu0VwPOsjkF61zfevLKh,66.0,,,,,,,,,
Yeezus,"Industrial Hip Hop, Experimental Hip Hop, Electro-Industrial, Hardcore Hip Hop",83,84,6,I'm in It,3:54,,80,4427,2013,6,1,"track:""I'm in It""",6vL2WIThSBFJ6aQJX28EpX,spotify:track:6vL2WIThSBFJ6aQJX28EpX,51.0,,,,,,,,,
Yeezus,"Industrial Hip Hop, Experimental Hip Hop, Electro-Industrial, Hardcore Hip Hop",83,84,7,Blood on the Leaves,6:00,,89,4573,2013,6,1,"track:""Blood on the Leaves""",42GcjriRK6srwHkfbkBqVl,spotify:track:42GcjriRK6srwHkfbkBqVl,64.0,,,,,,,,,
Yeezus,"Industrial Hip Hop, Experimental Hip Hop, Electro-Industrial, Hardcore Hip Hop",83,84,8,Guilt Trip,4:03,,84,4431,2013,6,1,"track:""Guilt Trip""",3yKgOMlm0LFpm9T2AhGWJJ,spotify:track:3yKgOMlm0LFpm9T2AhGWJJ,72.0,,,,,,,,,
Yeezus,"Industrial Hip Hop, Experimental Hip Hop, Electro-Industrial, Hardcore Hip Hop",83,84,9,Send It Up,2:58,,76,4366,2013,6,1,"track:""Send It Up""",3RKblQNJs8HPvWBgXmq6nn,spotify:track:3RKblQNJs8HPvWBgXmq6nn,56.0,,,,,,,,,
Yeezus,"Industrial Hip Hop, Experimental Hip Hop, Electro-Industrial, Hardcore Hip Hop",83,84,10,Bound 2,3:49,,94,4722,2013,6,1,"track:""Bound 2""",3sNVsP50132BTNlImLx70i,spotify:track:3sNVsP50132BTNlImLx70i,83.0,,,,,,,,,
The Life of Pablo,"Pop Rap, Experimental Hip Hop, Trap, Contemporary R&B, Christian Hip Hop",77,84,1,Ultralight Beam,5:20,,93,3758,2016,2,1,"track:""Ultralight Beam""",1eQBEelI2NCy7AUTerX0KS,spotify:track:1eQBEelI2NCy7AUTerX0KS,67.0,,,,,,,,,
The Life of Pablo,"Pop Rap, Experimental Hip Hop, Trap, Contemporary R&B, Christian Hip Hop",77,84,2,"Father Stretch My Hands, Pt. 1",2:15,,93,3816,2016,2,1,"track:""Father Stretch My Hands, Pt. 1""",4KW1lqgSr8TKrvBII0Brf8,spotify:track:4KW1lqgSr8TKrvBII0Brf8,80.0,,,,,,,,,
The Life of Pablo,"Pop Rap, Experimental Hip Hop, Trap, Contemporary R&B, Christian Hip Hop",77,84,3,Pt. 2,2:10,,76,3565,2016,2,1,"track:""Pt. 2""",4gMgiXfqyzZLMhsksGmbQV,spotify:track:4gMgiXfqyzZLMhsksGmbQV,82.0,,,,,,,,,
The Life of Pablo,"Pop Rap, Experimental Hip Hop, Trap, Contemporary R&B, Christian Hip Hop",77,84,4,Famous,3:16,,91,3718,2016,2,1,"track:""Famous""",4Kfg7VUpvf7trzUN5IeFUU,spotify:track:4Kfg7VUpvf7trzUN5IeFUU,47.0,,,,,,,,,
The Life of Pablo,"Pop Rap, Experimental Hip Hop, Trap, Contemporary R&B, Christian Hip Hop",77,84,5,Feedback,2:27,,83,3462,2016,2,1,"track:""Feedback""",49fT6owWuknekShh9utsjv,spotify:track:49fT6owWuknekShh9utsjv,60.0,,,,,,,,,
The Life of Pablo,"Pop Rap, Experimental Hip Hop, Trap, Contemporary R&B, Christian Hip Hop",77,84,6,Low Lights,2:11,,71,2531,2016,2,1,"track:""Low Lights""",36o4taPyOdnOMf01ERmn9a,spotify:track:36o4taPyOdnOMf01ERmn9a,53.0,,,,,,,,,
The Life of Pablo,"Pop Rap, Experimental Hip Hop, Trap, Contemporary R&B, Christian Hip Hop",77,84,7,Highlights,3:19,,79,3386,2016,2,1,"track:""Highlights""",0xvkTfdXvK7f1bOZ98ekbH,spotify:track:0xvkTfdXvK7f1bOZ98ekbH,45.0,,,,,,,,,
The Life of Pablo,"Pop Rap, Experimental Hip Hop, Trap, Contemporary R&B, Christian Hip Hop",77,84,8,Freestyle 4,2:03,,73,3337,2016,2,1,"track:""Freestyle 4""",6wfzokDylbrJzrJcpnBkcy,spotify:track:6wfzokDylbrJzrJcpnBkcy,55.0,,,,,,,,,
The Life of Pablo,"Pop Rap, Experimental Hip Hop, Trap, Contemporary R&B, Christian Hip Hop",77,84,9,I Love Kanye,0:44,,84,2580,2016,2,1,"track:""I Love Kanye""",5CGS4UovzA7ftCJkLVXQju,spotify:track:5CGS4UovzA7ftCJkLVXQju,61.0,,,,,,,,,
The Life of Pablo,"Pop Rap, Experimental Hip Hop, Trap, Contemporary R&B, Christian Hip Hop",77,84,10,Waves,3:01,,90,3558,2016,2,1,"track:""Waves""",1HFfMOxCAT4GAwaPfCdmUs,spotify:track:1HFfMOxCAT4GAwaPfCdmUs,79.0,,,,,,,,,
The Life of Pablo,"Pop Rap, Experimental Hip Hop, Trap, Contemporary R&B, Christian Hip Hop",77,84,11,FML,3:56,,88,3491,2016,2,1,"track:""FML""",30Zcjs7pgEkmJA1lEbGSWT,spotify:track:30Zcjs7pgEkmJA1lEbGSWT,64.0,,,,,,,,,
The Life of Pablo,"Pop Rap, Experimental Hip Hop, Trap, Contemporary R&B, Christian Hip Hop",77,84,12,Real Friends,4:11,,89,3475,2016,2,1,"track:""Real Friends""",66Q3fAmSX5eHamgbKa9alP,spotify:track:66Q3fAmSX5eHamgbKa9alP,64.0,,,,,,,,,
The Life of Pablo,"Pop Rap, Experimental Hip Hop, Trap, Contemporary R&B, Christian Hip Hop",77,84,13,Wolves,5:01,,89,3550,2016,2,1,"track:""Wolves""",0tBbt8CrmxbjRP0pueQkyU,spotify:track:0tBbt8CrmxbjRP0pueQkyU,77.0,,,,,,,,,
The Life of Pablo,"Pop Rap, Experimental Hip Hop, Trap, Contemporary R&B, Christian Hip Hop",77,84,14,Frank's Track,0:38,,80,2278,2016,2,1,"track:""Frank's Track""",20r94xA0bsYNLtYSiOE6r3,spotify:track:20r94xA0bsYNLtYSiOE6r3,55.0,,,,,,,,,
The Life of Pablo,"Pop Rap, Experimental Hip Hop, Trap, Contemporary R&B, Christian Hip Hop",77,84,15,Siiiiiiiiilver Surffffeeeeer Intermission,0:56,,62,1821,2016,2,1,"track:""Siiiiiiiiilver Surffffeeeeer Intermission""",1ZnA4VYOlYIShuGt60LmCs,spotify:track:1ZnA4VYOlYIShuGt60LmCs,49.0,,,,,,,,,
The Life of Pablo,"Pop Rap, Experimental Hip Hop, Trap, Contemporary R&B, Christian Hip Hop",77,84,16,30 Hours,5:23,,88,3499,2016,2,1,"track:""30 Hours""",2CHmgtK8OCL28WtIK96u4N,spotify:track:2CHmgtK8OCL28WtIK96u4N,65.0,,,,,,,,,
The Life of Pablo,"Pop Rap, Experimental Hip Hop, Trap, Contemporary R&B, Christian Hip Hop",77,84,17,No More Parties in LA,6:14,,97,3923,2016,2,1,"track:""No More Parties in LA""",0zLClc0emc6qUeV1p5nc99,spotify:track:0zLClc0emc6qUeV1p5nc99,71.0,,,,,,,,,
The Life of Pablo,"Pop Rap, Experimental Hip Hop, Trap, Contemporary R&B, Christian Hip Hop",77,84,18,Facts (Charlie Heat Version),3:20,,82,3353,2016,2,1,"track:""Facts (Charlie Heat Version)""",3MnbXlC1N7GdS9M8HzA6no,spotify:track:3MnbXlC1N7GdS9M8HzA6no,57.0,,,,,,,,,
The Life of Pablo,"Pop Rap, Experimental Hip Hop, Trap, Contemporary R&B, Christian Hip Hop",77,84,19,Fade,3:13,,82,3424,2016,2,1,"track:""Fade""",1LzNfuep1bnAUR9skqdHCK,spotify:track:1LzNfuep1bnAUR9skqdHCK,87.0,,,,,,,,,
The Life of Pablo,"Pop Rap, Experimental Hip Hop, Trap, Contemporary R&B, Christian Hip Hop",77,84,20,Saint Pablo,6:12,,97,3856,2016,2,1,"track:""Saint Pablo""",1o0kWPueYo94LIjPYOE5Nf,spotify:track:1o0kWPueYo94LIjPYOE5Nf,71.0,,,,,,,,,
ye,"Pop Rap, Contemporary R&B, Neo-Soul, Art Pop, Experimental Hip Hop",65,79,1,I Thought About Killing You,4:34,,83,3778,2018,6,1,"track:""I Thought About Killing You""",0yhxBvedRdGxsPZHJNI4VA,spotify:track:0yhxBvedRdGxsPZHJNI4VA,61.0,,,,,,,,,
ye,"Pop Rap, Contemporary R&B, Neo-Soul, Art Pop, Experimental Hip Hop",65,79,2,Yikes,3:08,,84,3749,2018,6,1,"track:""Yikes""",1qsHYUd2c1wFGcn7e63QmG,spotify:track:1qsHYUd2c1wFGcn7e63QmG,63.0,,,,,,,,,
ye,"Pop Rap, Contemporary R&B, Neo-Soul, Art Pop, Experimental Hip Hop",65,79,3,All Mine,2:25,,75,3730,2018,6,1,"track:""All Mine""",3XgGQ1wjo5khvq2UImjyNF,spotify:track:3XgGQ1wjo5khvq2UImjyNF,78.0,,,,,,,,,
ye,"Pop Rap, Contemporary R&B, Neo-Soul, Art Pop, Experimental Hip Hop",65,79,4,Wouldn't Leave,3:25,PARTYNEXTDOOR,80,3683,2018,6,1,"track:""Wouldn't Leave""",1nGoy0cEj0extAwXYNYTWd,spotify:track:1nGoy0cEj0extAwXYNYTWd,61.0,,,,,,,,,
ye,"Pop Rap, Contemporary R&B, Neo-Soul, Art Pop, Experimental Hip Hop",65,79,5,No Mistakes,2:03,,85,3719,2018,6,1,"track:""No Mistakes""",35KV2Nuib6jPMVN00O8iba,spotify:track:35KV2Nuib6jPMVN00O8iba,63.0,,,,,,,,,
ye,"Pop Rap, Contemporary R&B, Neo-Soul, Art Pop, Experimental Hip Hop",65,79,6,Ghost Town,4:31,PARTYNEXTDOOR,97,4252,2018,6,1,"track:""Ghost Town""",6HuHyXviAdpmnQu73JHfBz,spotify:track:6HuHyXviAdpmnQu73JHfBz,79.0,,,,,,,,,
ye,"Pop Rap, Contemporary R&B, Neo-Soul, Art Pop, Experimental Hip Hop",65,79,7,Violent Crimes,3:35,,94,3967,2018,6,1,"track:""Violent Crimes""",3s7MCdXyWmwjdcWh7GWXas,spotify:track:3s7MCdXyWmwjdcWh7GWXas,82.0,,,,,,,,,
KIDS SEE GHOSTS,"Experimental Hip Hop, Pop Rap, Alternative R&B, Neo-Psychedelia, Art Pop",84,87,1,Feel The Love,2:45,Pusha T,91,4014,2018,6,1,"track:""Feel The Love""",0k73nWaD6RPx2sHFEkGPcn,spotify:track:0k73nWaD6RPx2sHFEkGPcn,68.0,,,,,,,,,
KIDS SEE GHOSTS,"Experimental Hip Hop, Pop Rap, Alternative R&B, Neo-Psychedelia, Art Pop",84,87,2,Fire,2:20,,88,3955,2018,6,1,"track:""Fire""",1mXuMM6zjPgjL4asbBsgnt,spotify:track:1mXuMM6zjPgjL4asbBsgnt,70.0,,,,,,,,,
KIDS SEE GHOSTS,"Experimental Hip Hop, Pop Rap, Alternative R&B, Neo-Psychedelia, Art Pop",84,87,3,4th Dimension,2:33,Louis Prima,93,4000,2018,6,1,"track:""4th Dimension""",6JyEh4kl9DLwmSAoNDRn5b,spotify:track:6JyEh4kl9DLwmSAoNDRn5b,64.0,,,,,,,,,
KIDS SEE GHOSTS,"Experimental Hip Hop, Pop Rap, Alternative R&B, Neo-Psychedelia, Art Pop",84,87,4,Freeee (Ghost Town Pt. 2),3:26,Ty Dolla $ign,90,3965,2018,6,1,"track:""Freeee (Ghost Town Pt. 2)""",7GRTrWsP3yo2Fx8umJfA1X,spotify:track:7GRTrWsP3yo2Fx8umJfA1X,56.0,,,,,,,,,
KIDS SEE GHOSTS,"Experimental Hip Hop, Pop Rap, Alternative R&B, Neo-Psychedelia, Art Pop",84,87,5,Reborn,5:24,,95,4052,2018,6,1,"track:""Reborn""",3wTA4xEmnv08k6DT3T3wNI,spotify:track:3wTA4xEmnv08k6DT3T3wNI,49.0,,,,,,,,,
KIDS SEE GHOSTS,"Experimental Hip Hop, Pop Rap, Alternative R&B, Neo-Psychedelia, Art Pop",84,87,6,Kids See Ghosts,4:05,Yasiin Bey,89,3934,2018,6,1,"track:""Kids See Ghosts""",2I3dW2dCBZAJGj5X21E53k,spotify:track:2I3dW2dCBZAJGj5X21E53k,57.0,,,,,,,,,
KIDS SEE GHOSTS,"Experimental Hip Hop, Pop Rap, Alternative R&B, Neo-Psychedelia, Art Pop",84,87,7,Cudi Montage,3:17,,92,3952,2018,6,1,"track:""Cudi Montage""",4kUZvXB3LC3an3HX6h0s17,spotify:track:4kUZvXB3LC3an3HX6h0s17,60.0,,,,,,,,,
JESUS IS KING,"Christian Hip Hop, CCM, Gospel, Pop Rap, Alternative R&B, Urban Contemporary Gospel",54,54,1,Every Hour,1:52,Sunday Service Choir,62,1840,2019,10,1,"track:""Every Hour""",1WnqWQcWcuQbVzgE7ecfCY,spotify:track:1WnqWQcWcuQbVzgE7ecfCY,57.0,,,,,,,,,
JESUS IS KING,"Christian Hip Hop, CCM, Gospel, Pop Rap, Alternative R&B, Urban Contemporary Gospel",54,54,2,Selah,2:44,,68,1946,2019,10,1,"track:""Selah""",39JRmdKFka1Oe09FoOCPI4,spotify:track:39JRmdKFka1Oe09FoOCPI4,60.0,,,,,,,,,
JESUS IS KING,"Christian Hip Hop, CCM, Gospel, Pop Rap, Alternative R&B, Urban Contemporary Gospel",54,54,3,Follow God,1:44,,82,2065,2019,10,1,"track:""Follow God""",2QpGZOhTCHHiKmpSO9FW4h,spotify:track:2QpGZOhTCHHiKmpSO9FW4h,72.0,,,,,,,,,
JESUS IS KING,"Christian Hip Hop, CCM, Gospel, Pop Rap, Alternative R&B, Urban Contemporary Gospel",54,54,4,Closed on Sunday,2:31,,56,1956,2019,10,1,"track:""Closed on Sunday""",3JWiDGQX2eTlFvKj3Yssj3,spotify:track:3JWiDGQX2eTlFvKj3Yssj3,60.0,,,,,,,,,
JESUS IS KING,"Christian Hip Hop, CCM, Gospel, Pop Rap, Alternative R&B, Urban Contemporary Gospel",54,54,5,On God,2:16,,69,1946,2019,10,1,"track:""On God""",2SasoXZyv82yYgHiVOvxQn,spotify:track:2SasoXZyv82yYgHiVOvxQn,60.0,,,,,,,,,
JESUS IS KING,"Christian Hip Hop, CCM, Gospel, Pop Rap, Alternative R&B, Urban Contemporary Gospel",54,54,6,Everything We Need,1:56,"Ty Dolla $ign, Ant Clemons",64,1909,2019,10,1,"track:""Everything We Need""",7nsje8483TNyP10db3Axmx,spotify:track:7nsje8483TNyP10db3Axmx,64.0,,,,,,,,,
JESUS IS KING,"Christian Hip Hop, CCM, Gospel, Pop Rap, Alternative R&B, Urban Contemporary Gospel",54,54,7,Water,2:48,Ant Clemons,49,1908,2019,10,1,"track:""Water""",1pRJ9pG7YXJtdq4IDkcmOk,spotify:track:1pRJ9pG7YXJtdq4IDkcmOk,61.0,,,,,,,,,
JESUS IS KING,"Christian Hip Hop, CCM, Gospel, Pop Rap, Alternative R&B, Urban Contemporary Gospel",54,54,8,God Is,3:23,,72,1985,2019,10,1,"track:""God Is""",6xRWoYwfwIKnT8bQGzKbxR,spotify:track:6xRWoYwfwIKnT8bQGzKbxR,77.0,,,,,,,,,
JESUS IS KING,"Christian Hip Hop, CCM, Gospel, Pop Rap, Alternative R&B, Urban Contemporary Gospel",54,54,9,Hands On,3:23,Fred Hammond,55,1868,2019,10,1,"track:""Hands On""",78JKJfKsqgeBDBF58gv1SF,spotify:track:78JKJfKsqgeBDBF58gv1SF,65.0,,,,,,,,,
JESUS IS KING,"Christian Hip Hop, CCM, Gospel, Pop Rap, Alternative R&B, Urban Contemporary Gospel",54,54,10,Use This Gospel,3:33,"Clipse, Kenny G",70,1940,2019,10,1,"track:""Use This Gospel""",0oPOuDmmkVp3h6puekhs6P,spotify:track:0oPOuDmmkVp3h6puekhs6P,60.0,,,,,,,,,
JESUS IS KING,"Christian Hip Hop, CCM, Gospel, Pop Rap, Alternative R&B, Urban Contemporary Gospel",54,54,11,Jesus Is Lord,0:49,,56,1521,2019,10,1,"track:""Jesus Is Lord""",7sBgFMWqDWQgrsNSpIBoe8,spotify:track:7sBgFMWqDWQgrsNSpIBoe8,56.0,,,,,,,,,
Donda,"Christian Hip Hop, Experimental Hip Hop, Gospel, Alternative R&B, Trap, Pop Rap",59,72,1,Donda Chant,0:52,,54,1788,2021,8,1,"track:""Donda Chant""",7eSSmgq26BXr7xay3WKjfi,spotify:track:7eSSmgq26BXr7xay3WKjfi,41.0,,,,,,,,,
Donda,"Christian Hip Hop, Experimental Hip Hop, Gospel, Alternative R&B, Trap, Pop Rap",59,72,2,Jail,4:57,,84,2987,2021,8,1,"track:""Jail""",452KBpASS5lZLeJWX9Ixub,spotify:track:452KBpASS5lZLeJWX9Ixub,71.0,,,,,,,,,
Donda,"Christian Hip Hop, Experimental Hip Hop, Gospel, Alternative R&B, Trap, Pop Rap",59,72,3,God Breathed,5:33,,72,2791,2021,8,1,"track:""God Breathed""",5JaSg0AYyAMMLjyGGDrrCm,spotify:track:5JaSg0AYyAMMLjyGGDrrCm,49.0,,,,,,,,,
Donda,"Christian Hip Hop, Experimental Hip Hop, Gospel, Alternative R&B, Trap, Pop Rap",59,72,4,Off The Grid,5:39,,91,3101,2021,8,1,"track:""Off The Grid""",6LNoArVBBVZzUTUiAX2aKO,spotify:track:6LNoArVBBVZzUTUiAX2aKO,68.0,,,,,,,,,
Donda,"Christian Hip Hop, Experimental Hip Hop, Gospel, Alternative R&B, Trap, Pop Rap",59,72,5,Hurricane,4:03,,88,3029,2021,8,1,"track:""Hurricane""",1lqMLr9Wj7SM2F9AikGcxN,spotify:track:1lqMLr9Wj7SM2F9AikGcxN,69.0,,,,,,,,,
Donda,"Christian Hip Hop, Experimental Hip Hop, Gospel, Alternative R&B, Trap, Pop Rap",59,72,6,Praise God,3:46,,83,2918,2021,8,1,"track:""Praise God""",0WSEq9Ko4kFPt8yo3ICd6T,spotify:track:0WSEq9Ko4kFPt8yo3ICd6T,72.0,,,,,,,,,
Donda,"Christian Hip Hop, Experimental Hip Hop, Gospel, Alternative R&B, Trap, Pop Rap",59,72,7,Jonah,3:15,,72,2694,2021,8,1,"track:""Jonah""",35acXjupfWHgtchiS6yAjC,spotify:track:35acXjupfWHgtchiS6yAjC,54.0,,,,,,,,,
Donda,"Christian Hip Hop, Experimental Hip Hop, Gospel, Alternative R&B, Trap, Pop Rap",59,72,8,Ok Ok,3:24,,69,2689,2021,8,1,"track:""Ok Ok""",6T0rO9e3bHTPzvAPqmFspP,spotify:track:6T0rO9e3bHTPzvAPqmFspP,51.0,,,,,,,,,
Donda,"Christian Hip Hop, Experimental Hip Hop, Gospel, Alternative R&B, Trap, Pop Rap",59,72,9,Junya,2:27,,68,2731,2021,8,1,"track:""Junya""",1jgcODbfAL3tV7tikF6n1j,spotify:track:1jgcODbfAL3tV7tikF6n1j,53.0,,,,,,,,,
Donda,"Christian Hip Hop, Experimental Hip Hop, Gospel, Alternative R&B, Trap, Pop Rap",59,72,10,Believe What I Say,4:02,,87,2826,2021,8,1,"track:""Believe What I Say""",0JuSGEldfovcc8IS9va1wa,spotify:track:0JuSGEldfovcc8IS9va1wa,63.0,,,,,,,,,
Donda,"Christian Hip Hop, Experimental Hip Hop, Gospel, Alternative R&B, Trap, Pop Rap",59,72,11,24,3:17,,84,2778,2021,8,1,"track:""24""",6b8Be6ljOzmkOmFslEb23P,spotify:track:6b8Be6ljOzmkOmFslEb23P,84.0,,,,,,,,,
Donda,"Christian Hip Hop, Experimental Hip Hop, Gospel, Alternative R&B, Trap, Pop Rap",59,72,12,Remote Control,3:18,,72,2710,2021,8,1,"track:""Remote Control""",7jOeDXQvqfu2ZLp7lYwOy8,spotify:track:7jOeDXQvqfu2ZLp7lYwOy8,42.0,,,,,,,,,
Donda,"Christian Hip Hop, Experimental Hip Hop, Gospel, Alternative R&B, Trap, Pop Rap",59,72,13,Moon,2:36,,90,2974,2021,8,1,"track:""Moon""",0JP9xo3adEtGSdUEISiszL,spotify:track:0JP9xo3adEtGSdUEISiszL,84.0,,,,,,,,,
Donda,"Christian Hip Hop, Experimental Hip Hop, Gospel, Alternative R&B, Trap, Pop Rap",59,72,14,Heaven and Hell,2:25,,84,2753,2021,8,1,"track:""Heaven and Hell""",5qxN63QA4Hk1zgdLCsZFE2,spotify:track:5qxN63QA4Hk1zgdLCsZFE2,67.0,,,,,,,,,
Donda,"Christian Hip Hop, Experimental Hip Hop, Gospel, Alternative R&B, Trap, Pop Rap",59,72,15,Donda,2:08,,71,2288,2021,8,1,"track:""Donda""",2w29LWtsNG2TeQ1oHIxROt,spotify:track:2w29LWtsNG2TeQ1oHIxROt,42.0,,,,,,,,,
Donda,"Christian Hip Hop, Experimental Hip Hop, Gospel, Alternative R&B, Trap, Pop Rap",59,72,16,Keep My Spirit Alive,3:41,,79,2644,2021,8,1,"track:""Keep My Spirit Alive""",7EagormFign5ag6f16ua3I,spotify:track:7EagormFign5ag6f16ua3I,54.0,,,,,,,,,
Donda,"Christian Hip Hop, Experimental Hip Hop, Gospel, Alternative R&B, Trap, Pop Rap",59,72,17,Jesus Lord,8:58,,85,2728,2021,8,1,"track:""Jesus Lord""",1LwdWIbfuqlOo8vlHxkyna,spotify:track:1LwdWIbfuqlOo8vlHxkyna,54.0,,,,,,,,,
Donda,"Christian Hip Hop, Experimental Hip Hop, Gospel, Alternative R&B, Trap, Pop Rap",59,72,18,New Again,3:03,,74,2606,2021,8,1,"track:""New Again""",75QktuEju5vz9lyXiLaUao,spotify:track:75QktuEju5vz9lyXiLaUao,55.0,,,,,,,,,
Donda,"Christian Hip Hop, Experimental Hip Hop, Gospel, Alternative R&B, Trap, Pop Rap",59,72,19,Tell the Vision,1:44,,27,2568,2021,8,1,"track:""Tell the Vision""",2UwALqx6yOsXTFt7zRxnts,spotify:track:2UwALqx6yOsXTFt7zRxnts,57.0,,,,,,,,,
Donda,"Christian Hip Hop, Experimental Hip Hop, Gospel, Alternative R&B, Trap, Pop Rap",59,72,20,Lord I Need You,2:42,,74,2568,2021,8,1,"track:""Lord I Need You""",4EHWldZTas5KUyFtT0rQlY,spotify:track:4EHWldZTas5KUyFtT0rQlY,64.0,,,,,,,,,
Donda,"Christian Hip Hop, Experimental Hip Hop, Gospel, Alternative R&B, Trap, Pop Rap",59,72,21,Pure Souls,5:58,,82,2645,2021,8,1,"track:""Pure Souls""",5aqUqSq0SqGBAqEn27PEzc,spotify:track:5aqUqSq0SqGBAqEn27PEzc,59.0,,,,,,,,,
Donda,"Christian Hip Hop, Experimental Hip Hop, Gospel, Alternative R&B, Trap, Pop Rap",59,72,22,Come to Life,5:10,,92,2908,2021,8,1,"track:""Come to Life""",5xvXeuxISyXJDRbZZf4uzd,spotify:track:5xvXeuxISyXJDRbZZf4uzd,58.0,,,,,,,,,
Donda,"Christian Hip Hop, Experimental Hip Hop, Gospel, Alternative R&B, Trap, Pop Rap",59,72,23,No Child Left Behind,2:58,,84,2694,2021,8,1,"track:""No Child Left Behind""",3hd6zLhnTlbJ8PupYt3cAI,spotify:track:3hd6zLhnTlbJ8PupYt3cAI,63.0,,,,,,,,,
Donda,"Christian Hip Hop, Experimental Hip Hop, Gospel, Alternative R&B, Trap, Pop Rap",59,72,24,Jail pt 2,4:57,,69,1804,2021,8,1,"track:""Jail pt 2""",2H8jWuNmluerTEsuh8Gu6y,spotify:track:2H8jWuNmluerTEsuh8Gu6y,53.0,,,,,,,,,
Donda,"Christian Hip Hop, Experimental Hip Hop, Gospel, Alternative R&B, Trap, Pop Rap",59,72,25,Ok Ok pt 2,3:24,,61,1764,2021,8,1,"track:""Ok Ok pt 2""",5ad5uryyzVWs95bK3myGkw,spotify:track:5ad5uryyzVWs95bK3myGkw,46.0,,,,,,,,,
Donda,"Christian Hip Hop, Experimental Hip Hop, Gospel, Alternative R&B, Trap, Pop Rap",59,72,26,Junya pt 2,3:02,,64,1781,2021,8,1,"track:""Junya pt 2""",2auYgZ1GcTkWj2bOaE2Wwm,spotify:track:2auYgZ1GcTkWj2bOaE2Wwm,51.0,,,,,,,,,
Donda,"Christian Hip Hop, Experimental Hip Hop, Gospel, Alternative R&B, Trap, Pop Rap",59,72,27,Jesus Lord pt 2,11:30,,75,1783,2021,8,1,"track:""Jesus Lord pt 2""",360VkSTITvF55weIKoaNTw,spotify:track:360VkSTITvF55weIKoaNTw,47.0,,,,,,,,,
Donda 2,"Trap, Experimental Hip Hop, Pop Rap, Alternative R&B, Contemporary R&B",46,33,1,True Love,2:40,,62,617,2022,2,1,"track:""True Love""",06JvOZ39sK8D8SqiqfaxDU,spotify:track:06JvOZ39sK8D8SqiqfaxDU,74.0,,,,,,,,,
Donda 2,"Trap, Experimental Hip Hop, Pop Rap, Alternative R&B, Contemporary R&B",46,33,2,Broken Road,1:40,,55,584,2022,2,1,"track:""Broken Road""",4RXIqq6AWKGQIEXd9il5mB,spotify:track:4RXIqq6AWKGQIEXd9il5mB,59.0,,,,,,,,,
Donda 2,"Trap, Experimental Hip Hop, Pop Rap, Alternative R&B, Contemporary R&B",46,33,3,Get Lost,2:35,,33,580,2022,2,1,"track:""Get Lost""",3lOH1zjcMl32bwnaCi8VHK,spotify:track:3lOH1zjcMl32bwnaCi8VHK,57.0,,,,,,,,,
Donda 2,"Trap, Experimental Hip Hop, Pop Rap, Alternative R&B, Contemporary R&B",46,33,4,Too Easy,2:58,,49,574,2022,2,1,"track:""Too Easy""",7EQjPEL70tzjlTgCgU0QrV,spotify:track:7EQjPEL70tzjlTgCgU0QrV,73.0,,,,,,,,,
Donda 2,"Trap, Experimental Hip Hop, Pop Rap, Alternative R&B, Contemporary R&B",46,33,5,Flowers,2:51,,53,571,2022,2,1,"track:""Flowers""",7DSAEUvxU8FajXtRloy8M0,spotify:track:7DSAEUvxU8FajXtRloy8M0,86.0,,,,,,,,,
Donda 2,"Trap, Experimental Hip Hop, Pop Rap, Alternative R&B, Contemporary R&B",46,33,6,Security,2:16,,54,580,2022,2,1,"track:""Security""",20atdt1Upmx1npN3zY4JtM,spotify:track:20atdt1Upmx1npN3zY4JtM,52.0,,,,,,,,,
Donda 2,"Trap, Experimental Hip Hop, Pop Rap, Alternative R&B, Contemporary R&B",46,33,7,We Did It Kid,2:48,,62,566,2022,2,1,"track:""We Did It Kid""",51kh9DoMGLNjg8jxJGtre2,spotify:track:51kh9DoMGLNjg8jxJGtre2,0.0,,,,,,,,,
Donda 2,"Trap, Experimental Hip Hop, Pop Rap, Alternative R&B, Contemporary R&B",46,33,8,Pablo,2:34,,60,573,2022,2,1,"track:""Pablo""",6T7nvmQRL9frqHSh8V9quP,spotify:track:6T7nvmQRL9frqHSh8V9quP,45.0,,,,,,,,,
Donda 2,"Trap, Experimental Hip Hop, Pop Rap, Alternative R&B, Contemporary R&B",46,33,9,Louie Bags,3:13,,39,557,2022,2,1,"track:""Louie Bags""",5bu1Sbx3E2nNHzQUYXeAAj,spotify:track:5bu1Sbx3E2nNHzQUYXeAAj,50.0,,,,,,,,,
Donda 2,"Trap, Experimental Hip Hop, Pop Rap, Alternative R&B, Contemporary R&B",46,33,10,Happy,4:45,,49,549,2022,2,1,"track:""Happy""",27RYrbL6S02LNVhDWVl38b,spotify:track:27RYrbL6S02LNVhDWVl38b,90.0,,,,,,,,,
Donda 2,"Trap, Experimental Hip Hop, Pop Rap, Alternative R&B, Contemporary R&B",46,33,11,Sci Fi,4:00,,47,543,2022,2,1,"track:""Sci Fi""",3fhYAsNRR99ETnqrBZdAy0,spotify:track:3fhYAsNRR99ETnqrBZdAy0,71.0,,,,,,,,,
Donda 2,"Trap, Experimental Hip Hop, Pop Rap, Alternative R&B, Contemporary R&B",46,33,12,Selfish,1:39,,44,527,2022,2,1,"track:""Selfish""",4lhOzoYujY5YD3anyw68hp,spotify:track:4lhOzoYujY5YD3anyw68hp,72.0,,,,,,,,,
Donda 2,"Trap, Experimental Hip Hop, Pop Rap, Alternative R&B, Contemporary R&B",46,33,13,Lord Lift Me Up,2:09,,46,539,2022,2,1,"track:""Lord Lift Me Up""",1RopXkbl5fE7gf7fjQIKRf,spotify:track:1RopXkbl5fE7gf7fjQIKRf,50.0,,,,,,,,,
Donda 2,"Trap, Experimental Hip Hop, Pop Rap, Alternative R&B, Contemporary R&B",46,33,14,City of Gods,4:16,,69,580,2022,2,1,"track:""City of Gods""",4huBDGP4I3S0pYI0EaRN1c,spotify:track:4huBDGP4I3S0pYI0EaRN1c,57.0,,,,,,,,,
Donda 2,"Trap, Experimental Hip Hop, Pop Rap, Alternative R&B, Contemporary R&B",46,33,15,First Time in a Long Time,3:04,,50,543,2022,2,1,"track:""First Time in a Long Time""",7aUzsxDB0DYz7IHX83b2b4,spotify:track:7aUzsxDB0DYz7IHX83b2b4,53.0,,,,,,,,,
Donda 2,"Trap, Experimental Hip Hop, Pop Rap, Alternative R&B, Contemporary R&B",46,33,16,Eazy,3:54,,56,507,2022,2,1,"track:""Eazy""",6sGIMrtIzQjdzNndVxe397,spotify:track:6sGIMrtIzQjdzNndVxe397,95.0,,,,,,,,,
VULTURES 1,"Pop Rap, Trap, Alternative R&B, Hip House, Experimental Hip Hop",43,46,1,STARS,1:55,,70,4110,2024,2,1,"track:""STARS""",75CgD6l7K4qMzZrn4CbZqz,spotify:track:75CgD6l7K4qMzZrn4CbZqz,77.0,,,,,,,,,
VULTURES 1,"Pop Rap, Trap, Alternative R&B, Hip House, Experimental Hip Hop",43,46,2,KEYS TO MY LIFE,2:54,,56,3945,2024,2,1,"track:""KEYS TO MY LIFE""",4iVmy1j5C3XNxpN11RXRaO,spotify:track:4iVmy1j5C3XNxpN11RXRaO,57.0,,,,,,,,,
VULTURES 1,"Pop Rap, Trap, Alternative R&B, Hip House, Experimental Hip Hop",43,46,3,PAID,3:15,,56,4001,2024,2,1,"track:""PAID""",4IrUBK4fJp0gPleQXuCymu,spotify:track:4IrUBK4fJp0gPleQXuCymu,75.0,,,,,,,,,
VULTURES 1,"Pop Rap, Trap, Alternative R&B, Hip House, Experimental Hip Hop",43,46,4,TALKING,3:05,,56,3989,2024,2,1,"track:""TALKING""",1wVuPmvt6AWvTL5W2GJnzZ,spotify:track:1wVuPmvt6AWvTL5W2GJnzZ,78.0,,,,,,,,,
VULTURES 1,"Pop Rap, Trap, Alternative R&B, Hip House, Experimental Hip Hop",43,46,5,BACK TO ME,4:55,,66,4076,2024,2,1,"track:""BACK TO ME""",3u6WrqHLhkVSuXrevtPkof,spotify:track:3u6WrqHLhkVSuXrevtPkof,37.0,,,,,,,,,
VULTURES 1,"Pop Rap, Trap, Alternative R&B, Hip House, Experimental Hip Hop",43,46,6,HOODRAT,3:42,,40,4048,2024,2,1,"track:""HOODRAT""",0Ah7O76JL0pyn84jI7NPbr,spotify:track:0Ah7O76JL0pyn84jI7NPbr,55.0,,,,,,,,,
VULTURES 1,"Pop Rap, Trap, Alternative R&B, Hip House, Experimental Hip Hop",43,46,7,DO IT,3:45,,64,3927,2024,2,1,"track:""DO IT""",1KuNhOubescxn3xD6WNI7Q,spotify:track:1KuNhOubescxn3xD6WNI7Q,85.0,,,,,,,,,
VULTURES 1,"Pop Rap, Trap, Alternative R&B, Hip House, Experimental Hip Hop",43,46,8,PAPERWORK,2:25,,53,3909,2024,2,1,"track:""PAPERWORK""",2jf0ooqmXMqaGqh0bdYsHR,spotify:track:2jf0ooqmXMqaGqh0bdYsHR,57.0,,,,,,,,,
VULTURES 1,"Pop Rap, Trap, Alternative R&B, Hip House, Experimental Hip Hop",43,46,9,BURN,1:51,,81,4225,2024,2,1,"track:""BURN""",6aybzjLxocD14YySwF3aus,spotify:track:6aybzjLxocD14YySwF3aus,77.0,,,,,,,,,
VULTURES 1,"Pop Rap, Trap, Alternative R&B, Hip House, Experimental Hip Hop",43,46,10,FUK SUMN,3:29,,66,4015,2024,2,1,"track:""FUK SUMN""",0cbVD7WpHVdHUKwoolzhCZ,spotify:track:0cbVD7WpHVdHUKwoolzhCZ,70.0,,,,,,,,,
VULTURES 1,"Pop Rap, Trap, Alternative R&B, Hip House, Experimental Hip Hop",43,46,11,VULTURES,4:36,,45,4000,2024,2,1,"track:""VULTURES""",1IdTIzkTK6CcpKKgMUGbg7,spotify:track:1IdTIzkTK6CcpKKgMUGbg7,62.0,,,,,,,,,
VULTURES 1,"Pop Rap, Trap, Alternative R&B, Hip House, Experimental Hip Hop",43,46,12,CARNIVAL,4:24,,62,4195,2024,2,1,"track:""CARNIVAL""",2McT2fkH0VDqPsbiB9HWPq,spotify:track:2McT2fkH0VDqPsbiB9HWPq,80.0,,,,,,,,,
VULTURES 1,"Pop Rap, Trap, Alternative R&B, Hip House, Experimental Hip Hop",43,46,13,BEG FORGIVENESS,6:09,,57,3871,2024,2,1,"track:""BEG FORGIVENESS""",2anbsZVE7y9yhI4KD7QYI0,spotify:track:2anbsZVE7y9yhI4KD7QYI0,59.0,,,,,,,,,
VULTURES 1,"Pop Rap, Trap, Alternative R&B, Hip House, Experimental Hip Hop",43,46,14,GOOD (DON'T DIE),3:19,,65,3471,2024,2,1,"track:""GOOD (DON'T DIE)""",0JJpXS48zDTlkjaRyGZacA,spotify:track:0JJpXS48zDTlkjaRyGZacA,36.0,,,,,,,,,
VULTURES 1,"Pop Rap, Trap, Alternative R&B, Hip House, Experimental Hip Hop",43,46,15,PROBLEMATIC,3:14,,59,3859,2024,2,1,"track:""PROBLEMATIC""",0I2BCIvlzrb6Iix9hAbQFF,spotify:track:0I2BCIvlzrb6Iix9hAbQFF,63.0,,,,,,,,,
VULTURES 1,"Pop Rap, Trap, Alternative R&B, Hip House, Experimental Hip Hop",43,46,16,KING,2:36,,44,3883,2024,2,1,"track:""KING""",3AeicLnm55RqcXGBKYQolM,spotify:track:3AeicLnm55RqcXGBKYQolM,74.0,,,,,,,,,
VULTURES 2,"Pop Rap, Trap, Alternative R&B",40,28,1,SLIDE,3:18,,65,3194,2024,8,1,"track:""SLIDE""",6jAc3YHbqtYNZh8s7VjTMX,spotify:track:6jAc3YHbqtYNZh8s7VjTMX,51.0,,,,,,,,,
VULTURES 2,"Pop Rap, Trap, Alternative R&B",40,28,2,TIME MOVING SLOW,2:39,,46,3030,2024,8,1,"track:""TIME MOVING SLOW""",0JgassGI6jNxpX82jGpcuJ,spotify:track:0JgassGI6jNxpX82jGpcuJ,55.0,,,,,,,,,
VULTURES 2,"Pop Rap, Trap, Alternative R&B",40,28,3,FIELD TRIP,2:47,,61,3166,2024,8,1,"track:""FIELD TRIP""",7vv89PswQvqGKCGJ1rw5on,spotify:track:7vv89PswQvqGKCGJ1rw5on,72.0,,,,,,,,,
VULTURES 2,"Pop Rap, Trap, Alternative R&B",40,28,4,FRIED,2:59,,46,3060,2024,8,1,"track:""FRIED""",6RB9YvNyP0RZfCUcMtZELH,spotify:track:6RB9YvNyP0RZfCUcMtZELH,74.0,,,,,,,,,
VULTURES 2,"Pop Rap, Trap, Alternative R&B",40,28,5,ISABELLA,0:08,,16,1922,2024,8,1,"track:""ISABELLA""",4o4is1YPSaboVAeDi6t5hn,spotify:track:4o4is1YPSaboVAeDi6t5hn,49.0,,,,,,,,,
VULTURES 2,"Pop Rap, Trap, Alternative R&B",40,28,6,PROMOTION,2:38,,55,3000,2024,8,1,"track:""PROMOTION""",6bSfeCXlUaGa3eWCy5qPTb,spotify:track:6bSfeCXlUaGa3eWCy5qPTb,63.0,,,,,,,,,
VULTURES 2,"Pop Rap, Trap, Alternative R&B",40,28,7,HUSBAND,2:17,,24,3011,2024,8,1,"track:""HUSBAND""",55lijDD6OAjLFFUHU9tcDm,spotify:track:55lijDD6OAjLFFUHU9tcDm,95.0,,,,,,,,,
VULTURES 2,"Pop Rap, Trap, Alternative R&B",40,28,8,LIFESTYLE,3:23,,40,2928,2024,8,1,"track:""LIFESTYLE""",7DTlsMOQjGysXHpwwpHuPl,spotify:track:7DTlsMOQjGysXHpwwpHuPl,71.0,,,,,,,,,
VULTURES 2,"Pop Rap, Trap, Alternative R&B",40,28,9,FOREVER,2:15,,36,2855,2024,8,1,"track:""FOREVER""",4S1VYqwfkLit9mKVY3MXoo,spotify:track:4S1VYqwfkLit9mKVY3MXoo,83.0,,,,,,,,,
VULTURES 2,"Pop Rap, Trap, Alternative R&B",40,28,10,BOMB,2:31,,18,3264,2024,8,1,"track:""BOMB""",13MF2TYuyfITClL1R2ei6e,spotify:track:13MF2TYuyfITClL1R2ei6e,78.0,,,,,,,,,
VULTURES 2,"Pop Rap, Trap, Alternative R&B",40,28,11,RIVER,4:07,,63,3041,2024,8,1,"track:""RIVER""",3hhbDnFUb2bicI2df6VurK,spotify:track:3hhbDnFUb2bicI2df6VurK,77.0,,,,,,,,,
VULTURES 2,"Pop Rap, Trap, Alternative R&B",40,28,12,530,4:50,,47,3040,2024,8,1,"track:""530""",2tPNj9sUt3FbjEUqBzZazv,spotify:track:2tPNj9sUt3FbjEUqBzZazv,65.0,,,,,,,,,
VULTURES 2,"Pop Rap, Trap, Alternative R&B",40,28,13,DEAD,4:23,,44,2893,2024,8,1,"track:""DEAD""",3NFs3XUduzBfvc5Bx1gmzh,spotify:track:3NFs3XUduzBfvc5Bx1gmzh,83.0,,,,,,,,,
VULTURES 2,"Pop Rap, Trap, Alternative R&B",40,28,14,FOREVER ROLLING,3:17,,47,2866,2024,8,1,"track:""FOREVER ROLLING""",1MTpRBLniy6298BCdyKUfQ,spotify:track:1MTpRBLniy6298BCdyKUfQ,53.0,,,,,,,,,
VULTURES 2,"Pop Rap, Trap, Alternative R&B",40,28,15,SKY CITY,4:22,,35,2966,2024,8,1,"track:""SKY CITY""",7a0tTD7xdvKsNcJfMIDWp4,spotify:track:7a0tTD7xdvKsNcJfMIDWp4,56.0,,,,,,,,,
VULTURES 2,"Pop Rap, Trap, Alternative R&B",40,28,16,MY SOUL,3:44,,38,2832,2024,8,1,"track:""MY SOUL""",29WzGUGLiJHeFQSfuZ63QU,spotify:track:29WzGUGLiJHeFQSfuZ63QU,32.0,,,,,,,,,
