album_title,artist,labels,genres,critic_score,user_score,album_length,track_number,track_title,track_length,featured_artists,track_rating,track_rating_count,release_date_clean,year_x,album,year_y,main_theme,subthemes,theme,emotions
The College Dropout,Kanye West,"Def Jam, Roc-A-Fella","Chipmunk Soul, Pop Rap, Conscious Hip Hop, Neo-Soul, Spoken Word",81,91,"1 hour, 16 minutes",1,Intro,00:19,,78,1884,10.02.2004,2004,The College Dropout,2004.0,social,"education, expectations",intro,inspiration
The College Dropout,Kanye West,"Def Jam, Roc-A-Fella","Chipmunk Soul, Pop Rap, Conscious Hip Hop, Neo-Soul, Spoken Word",81,91,"1 hour, 16 minutes",2,We Don't Care,03:59,,93,4522,10.02.2004,2004,The College Dropout,2004.0,social,"youth, poverty, inequality","enjoying the moment, drugs, propaganda, carefree time, risky life, early death, recklessness","inspiration, happiness"
The College Dropout,Kanye West,"Def Jam, Roc-A-Fella","Chipmunk Soul, Pop Rap, Conscious Hip Hop, Neo-Soul, Spoken Word",81,91,"1 hour, 16 minutes",3,Graduation Day,01:21,,82,2328,10.02.2004,2004,The College Dropout,2004.0,social,"discipline, conformity","college expulsion, drug propaganda","anger, injustice"
The College Dropout,Kanye West,"Def Jam, Roc-A-Fella","Chipmunk Soul, Pop Rap, Conscious Hip Hop, Neo-Soul, Spoken Word",81,91,"1 hour, 16 minutes",4,All Falls Down,03:43,Syleena Johnson,96,4622,10.02.2004,2004,The College Dropout,2004.0,identity,"insecurity, capitalism","materialism, personality inferiority, social problems","resentment, hatred"
The College Dropout,Kanye West,"Def Jam, Roc-A-Fella","Chipmunk Soul, Pop Rap, Conscious Hip Hop, Neo-Soul, Spoken Word",81,91,"1 hour, 16 minutes",5,I'll Fly Away,01:09,,83,2437,10.02.2004,2004,The College Dropout,2004.0,religion,freedom,"spiritual transformation, liberation, search for faith, search for meaning","thoughtfulness, peace"
The College Dropout,Kanye West,"Def Jam, Roc-A-Fella","Chipmunk Soul, Pop Rap, Conscious Hip Hop, Neo-Soul, Spoken Word",81,91,"1 hour, 16 minutes",6,Spaceship,05:24,"GLC, Consequence",94,4490,10.02.2004,2004,The College Dropout,2004.0,work,"exploitation, dreams","aspiration, finding your place, labour, nostalgia, fantasies","fatigue, dreaminess, anger"
The College Dropout,Kanye West,"Def Jam, Roc-A-Fella","Chipmunk Soul, Pop Rap, Conscious Hip Hop, Neo-Soul, Spoken Word",81,91,"1 hour, 16 minutes",7,Jesus Walks,03:13,,96,4517,10.02.2004,2004,The College Dropout,2004.0,religion,"faith, salvation","spirituality, faith, god, sinners, drugs, poverty","sadness, thoughtfulness, misunderstanding"
The College Dropout,Kanye West,"Def Jam, Roc-A-Fella","Chipmunk Soul, Pop Rap, Conscious Hip Hop, Neo-Soul, Spoken Word",81,91,"1 hour, 16 minutes",8,Never Let Me Down,05:24,"JAY-Z, J. Ivy",91,4350,10.02.2004,2004,The College Dropout,2004.0,motivation,"race, inspiration","resilience, faith, struggle, racism, poverty, niggas","optimism, misunderstanding, injustice, determination"
The College Dropout,Kanye West,"Def Jam, Roc-A-Fella","Chipmunk Soul, Pop Rap, Conscious Hip Hop, Neo-Soul, Spoken Word",81,91,"1 hour, 16 minutes",9,Get Em High,04:49,"Talib Kweli, Common",86,4256,10.02.2004,2004,The College Dropout,2004.0,lifestyle,"ego, weed","girl, rep, support","overconfidence, uncertainty, euphoria"
The College Dropout,Kanye West,"Def Jam, Roc-A-Fella","Chipmunk Soul, Pop Rap, Conscious Hip Hop, Neo-Soul, Spoken Word",81,91,"1 hour, 16 minutes",10,Workout Plan,00:46,,74,1904,10.02.2004,2004,The College Dropout,2004.0,humor,beauty standards,"self-improvement, success, aspiration, laziness, procrastination, motivation"," playfulness, excitement, flirtiness"
The College Dropout,Kanye West,"Def Jam, Roc-A-Fella","Chipmunk Soul, Pop Rap, Conscious Hip Hop, Neo-Soul, Spoken Word",81,91,"1 hour, 16 minutes",11,The New Workout Plan,05:22,,88,4334,10.02.2004,2004,The College Dropout,2004.0,satire,body image,"status, consumerism, money","energy, humor, empowerment"
The College Dropout,Kanye West,"Def Jam, Roc-A-Fella","Chipmunk Soul, Pop Rap, Conscious Hip Hop, Neo-Soul, Spoken Word",81,91,"1 hour, 16 minutes",12,Slow Jamz,05:16,"Twista, Jamie Foxx",94,4407,10.02.2004,2004,The College Dropout,2004.0,,,"nostalgia, R&B, romance","boastfulness, romance"
The College Dropout,Kanye West,"Def Jam, Roc-A-Fella","Chipmunk Soul, Pop Rap, Conscious Hip Hop, Neo-Soul, Spoken Word",81,91,"1 hour, 16 minutes",13,Breathe In Breathe Out,04:06,Ludacris,83,4205,10.02.2004,2004,The College Dropout,2004.0,ego,rap identity,sex,aggressive
The College Dropout,Kanye West,"Def Jam, Roc-A-Fella","Chipmunk Soul, Pop Rap, Conscious Hip Hop, Neo-Soul, Spoken Word",81,91,"1 hour, 16 minutes",14,School Spirit Skit 1,01:18,,78,1834,10.02.2004,2004,The College Dropout,2004.0,satire,education,"study, drugs, work, money","confidence, frustration, irony"
The College Dropout,Kanye West,"Def Jam, Roc-A-Fella","Chipmunk Soul, Pop Rap, Conscious Hip Hop, Neo-Soul, Spoken Word",81,91,"1 hour, 16 minutes",15,School Spirit,03:02,,85,4064,10.02.2004,2004,The College Dropout,2004.0,rebellion,"youth, identity","rap, gangsters","cool, aggressive"
The College Dropout,Kanye West,"Def Jam, Roc-A-Fella","Chipmunk Soul, Pop Rap, Conscious Hip Hop, Neo-Soul, Spoken Word",81,91,"1 hour, 16 minutes",16,School Spirit Skit 2,00:43,,77,1822,10.02.2004,2004,The College Dropout,2004.0,satire,conformity,"education, self-development, books",smart
The College Dropout,Kanye West,"Def Jam, Roc-A-Fella","Chipmunk Soul, Pop Rap, Conscious Hip Hop, Neo-Soul, Spoken Word",81,91,"1 hour, 16 minutes",17,Lil Jimmy Skit,00:53,,80,1892,10.02.2004,2004,The College Dropout,2004.0,satire,family expectations,"family, responsibility, education","sadness, sympathy, hope"
The College Dropout,Kanye West,"Def Jam, Roc-A-Fella","Chipmunk Soul, Pop Rap, Conscious Hip Hop, Neo-Soul, Spoken Word",81,91,"1 hour, 16 minutes",18,Two Words,04:26,"Mos Def, Freeway, The Boys Choir of Harlem",95,4361,10.02.2004,2004,The College Dropout,2004.0,social,"race, aggression","inequality, police brutality, freedom, racism, blame","outrage, resentment, aggression, injustice"
The College Dropout,Kanye West,"Def Jam, Roc-A-Fella","Chipmunk Soul, Pop Rap, Conscious Hip Hop, Neo-Soul, Spoken Word",81,91,"1 hour, 16 minutes",19,Through the Wire,03:41,,97,4523,10.02.2004,2004,The College Dropout,2004.0,trauma,"survival, recovery","injury, recovery, perseverance, faith","love, pain, inspiration"
The College Dropout,Kanye West,"Def Jam, Roc-A-Fella","Chipmunk Soul, Pop Rap, Conscious Hip Hop, Neo-Soul, Spoken Word",81,91,"1 hour, 16 minutes",20,Family Business,04:38,,96,4415,10.02.2004,2004,The College Dropout,2004.0,family,"nostalgia, roots","family value, childhood, spiritual path, faith","love, nostalgia, happiness, sadness"
The College Dropout,Kanye West,"Def Jam, Roc-A-Fella","Chipmunk Soul, Pop Rap, Conscious Hip Hop, Neo-Soul, Spoken Word",81,91,"1 hour, 16 minutes",21,Last Call,12:40,,94,4254,10.02.2004,2004,The College Dropout,2004.0,legacy,"career, ambition","criticism, goal achievement, hope, triumph","inspiration, calmness, gratitude"
Late Registration,Kanye West,Roc-A-Fella,"Pop Rap, Conscious Hip Hop, Jazz Rap, Neo-Soul, Chipmunk Soul",84,90,"1 hour, 10 minutes",1,Wake Up Mr. West,00:41,,82,1662,30.08.2005,2005,Late Registration,2005.0,social,"fame, criticism","intro, start","anticipation, urgency, irritation"
Late Registration,Kanye West,Roc-A-Fella,"Pop Rap, Conscious Hip Hop, Jazz Rap, Neo-Soul, Chipmunk Soul",84,90,"1 hour, 10 minutes",2,Heard 'Em Say,03:23,Adam Levine,94,3658,30.08.2005,2005,Late Registration,2005.0,social,"hope, struggle","faith, hope, injustice, criticism of society","fear, uncertainty, childishness"
Late Registration,Kanye West,Roc-A-Fella,"Pop Rap, Conscious Hip Hop, Jazz Rap, Neo-Soul, Chipmunk Soul",84,90,"1 hour, 10 minutes",3,Touch the Sky,03:56,Lupe Fiasco,97,3763,30.08.2005,2005,Late Registration,2005.0,ambition,"success, risk","proof of importance, hard work, self-confidence, moving forward","confidence, optimism, perseverance"
Late Registration,Kanye West,Roc-A-Fella,"Pop Rap, Conscious Hip Hop, Jazz Rap, Neo-Soul, Chipmunk Soul",84,90,"1 hour, 10 minutes",4,Gold Digger,03:27,Jamie Foxx,91,3651,30.08.2005,2005,Late Registration,2005.0,relationships,"money, conflict","money, girl, commercialism","insolence, contempt"
Late Registration,Kanye West,Roc-A-Fella,"Pop Rap, Conscious Hip Hop, Jazz Rap, Neo-Soul, Chipmunk Soul",84,90,"1 hour, 10 minutes",5,Skit #1,00:33,,78,1442,30.08.2005,2005,Late Registration,2005.0,satire,fraternity,sample,
Late Registration,Kanye West,Roc-A-Fella,"Pop Rap, Conscious Hip Hop, Jazz Rap, Neo-Soul, Chipmunk Soul",84,90,"1 hour, 10 minutes",6,Drive Slow,04:32,"Paul Wall, GLC",90,3513,30.08.2005,2005,Late Registration,2005.0,wisdom,life lessons,"fast pace of life, success, luxury, control","instructiveness, confidence"
Late Registration,Kanye West,Roc-A-Fella,"Pop Rap, Conscious Hip Hop, Jazz Rap, Neo-Soul, Chipmunk Soul",84,90,"1 hour, 10 minutes",7,My Way Home,01:43,Common,86,3209,30.08.2005,2005,Late Registration,2005.0,identity,race,"drugs, loneliness, love, pain","loneliness, sadness, pain, reflection"
Late Registration,Kanye West,Roc-A-Fella,"Pop Rap, Conscious Hip Hop, Jazz Rap, Neo-Soul, Chipmunk Soul",84,90,"1 hour, 10 minutes",8,Crack Music,04:30,The Game,86,3434,30.08.2005,2005,Late Registration,2005.0,politics,systemic oppression,"drugs, addiction, music, criticism of the authorities","anger, confusion, annoyance"
Late Registration,Kanye West,Roc-A-Fella,"Pop Rap, Conscious Hip Hop, Jazz Rap, Neo-Soul, Chipmunk Soul",84,90,"1 hour, 10 minutes",9,Roses,04:05,,95,3585,30.08.2005,2005,Late Registration,2005.0,family,"illness, grief","grandmother, family, illness, materialism, inheritance","reproach, misunderstanding, anger, irritation, sadness"
Late Registration,Kanye West,Roc-A-Fella,"Pop Rap, Conscious Hip Hop, Jazz Rap, Neo-Soul, Chipmunk Soul",84,90,"1 hour, 10 minutes",10,Bring Me Down,03:18,Brandy,88,3360,30.08.2005,2005,Late Registration,2005.0,ego,haters,"pressure, criticism, skepticism, path to success, hate","self-confidence, decisiveness, aggressiveness"
Late Registration,Kanye West,Roc-A-Fella,"Pop Rap, Conscious Hip Hop, Jazz Rap, Neo-Soul, Chipmunk Soul",84,90,"1 hour, 10 minutes",11,Addiction,04:27,,87,3399,30.08.2005,2005,Late Registration,2005.0,introspection,temptation,"sex, addiction, drugs, love, lust","satisfaction, romantic, out of control"
Late Registration,Kanye West,Roc-A-Fella,"Pop Rap, Conscious Hip Hop, Jazz Rap, Neo-Soul, Chipmunk Soul",84,90,"1 hour, 10 minutes",12,Skit #2,00:31,,78,1414,30.08.2005,2005,Late Registration,2005.0,satire,capitalism,sample,
Late Registration,Kanye West,Roc-A-Fella,"Pop Rap, Conscious Hip Hop, Jazz Rap, Neo-Soul, Chipmunk Soul",84,90,"1 hour, 10 minutes",13,Diamonds from Sierra Leone (Remix),03:53,JAY-Z,96,3568,30.08.2005,2005,,,,,"conflict, guilt, fame, responsibility","tension, remorse, pride, urgency"
Late Registration,Kanye West,Roc-A-Fella,"Pop Rap, Conscious Hip Hop, Jazz Rap, Neo-Soul, Chipmunk Soul",84,90,"1 hour, 10 minutes",14,We Major,07:28,"Nas, Really Doe",96,3674,30.08.2005,2005,Late Registration,2005.0,celebration,success,"success, brotherhood, flourishing","confidence, egoism, aggression"
Late Registration,Kanye West,Roc-A-Fella,"Pop Rap, Conscious Hip Hop, Jazz Rap, Neo-Soul, Chipmunk Soul",84,90,"1 hour, 10 minutes",15,Skit #3,00:24,,76,1406,30.08.2005,2005,Late Registration,2005.0,satire,poverty,sample,
Late Registration,Kanye West,Roc-A-Fella,"Pop Rap, Conscious Hip Hop, Jazz Rap, Neo-Soul, Chipmunk Soul",84,90,"1 hour, 10 minutes",16,Hey Mama,05:05,,95,3576,30.08.2005,2005,Late Registration,2005.0,family,"gratitude, motherhood","motherhood, family, love, motivation","pride, love, remorse, sadness, affection, daydreaming"
Late Registration,Kanye West,Roc-A-Fella,"Pop Rap, Conscious Hip Hop, Jazz Rap, Neo-Soul, Chipmunk Soul",84,90,"1 hour, 10 minutes",17,Celebration,03:18,,87,3345,30.08.2005,2005,Late Registration,2005.0,lifestyle,"party, fame","celebration, joy, success, overcoming difficulties,","joy, happiness, self-confidence"
Late Registration,Kanye West,Roc-A-Fella,"Pop Rap, Conscious Hip Hop, Jazz Rap, Neo-Soul, Chipmunk Soul",84,90,"1 hour, 10 minutes",18,Skit #4,01:18,,82,1520,30.08.2005,2005,Late Registration,2005.0,satire,financial pressure,sample,
Late Registration,Kanye West,Roc-A-Fella,"Pop Rap, Conscious Hip Hop, Jazz Rap, Neo-Soul, Chipmunk Soul",84,90,"1 hour, 10 minutes",19,Gone,05:33,"Consequence, Cam'ron",91,3373,30.08.2005,2005,Late Registration,2005.0,career,transition,"escape, freedom, escape from problems, liberation","impetuosity, melancholy, boredom"
Late Registration,Kanye West,Roc-A-Fella,"Pop Rap, Conscious Hip Hop, Jazz Rap, Neo-Soul, Chipmunk Soul",84,90,"1 hour, 10 minutes",20,Diamonds from Sierra Leone,03:58,,93,2991,30.08.2005,2005,Late Registration,2005.0,politics,global exploitation,"criticism, suffering for the sake of success, war, death","sadness, misunderstanding, hatred"
Late Registration,Kanye West,Roc-A-Fella,"Pop Rap, Conscious Hip Hop, Jazz Rap, Neo-Soul, Chipmunk Soul",84,90,"1 hour, 10 minutes",21,Late,03:50,,91,3250,30.08.2005,2005,Late Registration,2005.0,introspection,self-worth,"growing up, the right path, pressure","fear, under pressure, not like everyone else, detachment"
Graduation,Kanye West,Roc-A-Fella,"Pop Rap, Electropop, Chipmunk Soul, Electro Hop",76,86,51 minutes,1,Good Morning,03:15,,92,4649,11.09.2007,2007,Graduation,2007.0,motivation,self-growth,"new stage, overcoming difficulties, system","inspiration, aspiration, confidence"
Graduation,Kanye West,Roc-A-Fella,"Pop Rap, Electropop, Chipmunk Soul, Electro Hop",76,86,51 minutes,2,Champion,02:47,,91,4588,11.09.2007,2007,Graduation,2007.0,self-worth,confidence,"self-aggrandizement, self-confidence, greatness, determination","self-aggrandizement, self-confidence, greatness, determination"
Graduation,Kanye West,Roc-A-Fella,"Pop Rap, Electropop, Chipmunk Soul, Electro Hop",76,86,51 minutes,3,Stronger,05:11,,92,4674,11.09.2007,2007,Graduation,2007.0,ambition,resilience,"perseverance, achieving goals, challenges, strength, innovations","oppression, energy, aggression, confidence"
Graduation,Kanye West,Roc-A-Fella,"Pop Rap, Electropop, Chipmunk Soul, Electro Hop",76,86,51 minutes,4,I Wonder,04:03,,95,4712,11.09.2007,2007,Graduation,2007.0,introspection,destiny,"dreams, ambitions, doubts, self-discovery, comparison","self-doubt, doubt, reflection"
Graduation,Kanye West,Roc-A-Fella,"Pop Rap, Electropop, Chipmunk Soul, Electro Hop",76,86,51 minutes,5,Good Life,03:27,T-Pain,89,4518,11.09.2007,2007,Graduation,2007.0,celebration,fame,"celebration, success, glory, enjoyment, status","self-admiration, self-confidence, self-love, egoism"
Graduation,Kanye West,Roc-A-Fella,"Pop Rap, Electropop, Chipmunk Soul, Electro Hop",76,86,51 minutes,6,Can't Tell Me Nothing,04:31,,92,4603,11.09.2007,2007,Graduation,2007.0,rebellion,ego,"ego, steadfastness, success, ignoring criticism, self-recognition","steadfastness, self-recognition, narcissism, confidence"
Graduation,Kanye West,Roc-A-Fella,"Pop Rap, Electropop, Chipmunk Soul, Electro Hop",76,86,51 minutes,7,Barry Bonds,03:24,Lil Wayne,74,4434,11.09.2007,2007,Graduation,2007.0,ego,competition,"ego, steadfastness, success, self-recognition","steadfastness, self-recognition, narcissism, confidence"
Graduation,Kanye West,Roc-A-Fella,"Pop Rap, Electropop, Chipmunk Soul, Electro Hop",76,86,51 minutes,8,Drunk and Hot Girls,05:13,Mos Def,61,4503,11.09.2007,2007,Graduation,2007.0,emptiness,nightlife,"alcohol, women, escapism","escapism, optimism, lust"
Graduation,Kanye West,Roc-A-Fella,"Pop Rap, Electropop, Chipmunk Soul, Electro Hop",76,86,51 minutes,9,Flashing Lights,03:57,Dwele,95,4701,11.09.2007,2007,Graduation,2007.0,relationships,"fame, distance","relationships, fame, temptation, love, loneliness, pursuit of happiness","loneliness, effort, self-flagellation"
Graduation,Kanye West,Roc-A-Fella,"Pop Rap, Electropop, Chipmunk Soul, Electro Hop",76,86,51 minutes,10,Everything I Am,03:47,DJ Premier,91,4519,11.09.2007,2007,Graduation,2007.0,introspection,self-acceptance,"reflection, recognition of one's shortcomings, personality, experience","vulnerability, sadness, introspection"
Graduation,Kanye West,Roc-A-Fella,"Pop Rap, Electropop, Chipmunk Soul, Electro Hop",76,86,51 minutes,11,The Glory,03:32,,85,4372,11.09.2007,2007,Graduation,2007.0,ambition,legacy,"triumph, greatness, overcoming difficulties, status, work","self-aggrandizement, pride, optimism"
Graduation,Kanye West,Roc-A-Fella,"Pop Rap, Electropop, Chipmunk Soul, Electro Hop",76,86,51 minutes,12,Homecoming,03:23,Chris Martin,93,4587,11.09.2007,2007,Graduation,2007.0,nostalgia,"identity, roots","relationships, love, nostalgia, fame, exploitation","nostalgia, love, affection, grief"
Graduation,Kanye West,Roc-A-Fella,"Pop Rap, Electropop, Chipmunk Soul, Electro Hop",76,86,51 minutes,13,Big Brother,04:47,,87,4372,11.09.2007,2007,Graduation,2007.0,relationships,"mentorship, conflict","relationships, respect, mentoring, self-recognition","reflection, envy, aspiration, respect, gloom"
808s & Heartbreak,Kanye West,"Def Jam, Roc-A-Fella","Synthpop, Electropop, Art Pop, Pop Rap, Alternative R&B",74,80,52 minutes,1,Say You Will,06:17,,85,2854,24.11.2008,2008,808s & Heartbreak,2008.0,heartbreak,"longing, emptiness","loneliness, waiting, emotional conflict","melancholy, sadness, anxiety"
808s & Heartbreak,Kanye West,"Def Jam, Roc-A-Fella","Synthpop, Electropop, Art Pop, Pop Rap, Alternative R&B",74,80,52 minutes,2,Welcome to Heartbreak,04:22,Kid Cudi,88,2863,24.11.2008,2008,808s & Heartbreak,2008.0,emotion,"envy, regret","loneliness, pressure, emptiness, materialism","sadness, frustration, longing, detachment"
808s & Heartbreak,Kanye West,"Def Jam, Roc-A-Fella","Synthpop, Electropop, Art Pop, Pop Rap, Alternative R&B",74,80,52 minutes,3,Heartless,03:31,,93,2983,24.11.2008,2008,808s & Heartbreak,2008.0,heartbreak,betrayal,"betrayal, coldness, heartbreak","anger, sadness, resentment"
808s & Heartbreak,Kanye West,"Def Jam, Roc-A-Fella","Synthpop, Electropop, Art Pop, Pop Rap, Alternative R&B",74,80,52 minutes,4,Amazing,03:58,Young Jeezy,83,2809,24.11.2008,2008,808s & Heartbreak,2008.0,ego,resilience,"ambition, self-doubt, perseverance, cold success","tension, arrogance, awe, restrained confidence"
808s & Heartbreak,Kanye West,"Def Jam, Roc-A-Fella","Synthpop, Electropop, Art Pop, Pop Rap, Alternative R&B",74,80,52 minutes,5,Love Lockdown,04:30,,88,2837,24.11.2008,2008,808s & Heartbreak,2008.0,emotion,isolation,"emotional distance, control, isolation","emotional distance, control, isolation"
808s & Heartbreak,Kanye West,"Def Jam, Roc-A-Fella","Synthpop, Electropop, Art Pop, Pop Rap, Alternative R&B",74,80,52 minutes,6,Paranoid,04:37,Mr Hudson,91,2877,24.11.2008,2008,808s & Heartbreak,2008.0,emotion,"fear, anxiety","distrust, jealousy, anxiety","paranoia, tension, frustration"
808s & Heartbreak,Kanye West,"Def Jam, Roc-A-Fella","Synthpop, Electropop, Art Pop, Pop Rap, Alternative R&B",74,80,52 minutes,7,RoboCop,04:34,,81,2785,24.11.2008,2008,808s & Heartbreak,2008.0,relationships,"control, conflict","control, jealousy, toxic love","irritation, bitterness, sarcasm"
808s & Heartbreak,Kanye West,"Def Jam, Roc-A-Fella","Synthpop, Electropop, Art Pop, Pop Rap, Alternative R&B",74,80,52 minutes,8,Street Lights,03:09,,91,2857,24.11.2008,2008,808s & Heartbreak,2008.0,introspection,"life passing, melancholy","loneliness, uncertainty, transition","sadness, numbness, quiet hope"
808s & Heartbreak,Kanye West,"Def Jam, Roc-A-Fella","Synthpop, Electropop, Art Pop, Pop Rap, Alternative R&B",74,80,52 minutes,9,Bad News,03:58,,78,2706,24.11.2008,2008,808s & Heartbreak,2008.0,heartbreak,"shock, fear"," heartbreak, disappointment, loss","despair, emptiness, resignation"
808s & Heartbreak,Kanye West,"Def Jam, Roc-A-Fella","Synthpop, Electropop, Art Pop, Pop Rap, Alternative R&B",74,80,52 minutes,10,See You in My Nightmares,04:18,Lil Wayne,73,2728,24.11.2008,2008,808s & Heartbreak,2008.0,anger,rejection,"separation, anger, closure","bitterness, detachment, relief"
808s & Heartbreak,Kanye West,"Def Jam, Roc-A-Fella","Synthpop, Electropop, Art Pop, Pop Rap, Alternative R&B",74,80,52 minutes,11,Coldest Winter,02:44,,86,2779,24.11.2008,2008,808s & Heartbreak,2008.0,grief,loss,"grief, finality, mourning","sorrow, emptiness, devastation"
808s & Heartbreak,Kanye West,"Def Jam, Roc-A-Fella","Synthpop, Electropop, Art Pop, Pop Rap, Alternative R&B",74,80,52 minutes,12,Pinocchio Story (Freestyle Live From Singapore),06:01,,74,2431,24.11.2008,2008,,,,,"fame, identity, isolation","vulnerability, longing, exhaustion"
My Beautiful Dark Twisted Fantasy,Kanye West,"Def Jam, Roc-A-Fella","Pop Rap, Hip Hop, Art Pop, Experimental Hip Hop",91,89,"1 hour, 8 minutes",1,Dark Fantasy,04:40,,94,6230,22.11.2010,2010,MBDTF,2010.0,ego,"fame, surrealism","fame, temptation, escapism","confidence, chaos, excitement"
My Beautiful Dark Twisted Fantasy,Kanye West,"Def Jam, Roc-A-Fella","Pop Rap, Hip Hop, Art Pop, Experimental Hip Hop",91,89,"1 hour, 8 minutes",2,Gorgeous,05:57,"Kid Cudi, Raekwon",91,6117,22.11.2010,2010,MBDTF,2010.0,social,"race, frustration"," racism, struggle, self-worth","frustration, pride, resilience"
My Beautiful Dark Twisted Fantasy,Kanye West,"Def Jam, Roc-A-Fella","Pop Rap, Hip Hop, Art Pop, Experimental Hip Hop",91,89,"1 hour, 8 minutes",3,POWER,04:52,,96,6302,22.11.2010,2010,MBDTF,2010.0,ego,self-destruction,"ego, fame, downfall","aggression, confidence, tension"
My Beautiful Dark Twisted Fantasy,Kanye West,"Def Jam, Roc-A-Fella","Pop Rap, Hip Hop, Art Pop, Experimental Hip Hop",91,89,"1 hour, 8 minutes",4,All of the Lights (Interlude),01:02,,87,4226,22.11.2010,2010,,,,,"anticipation, buildup","tension, rising energy"
My Beautiful Dark Twisted Fantasy,Kanye West,"Def Jam, Roc-A-Fella","Pop Rap, Hip Hop, Art Pop, Experimental Hip Hop",91,89,"1 hour, 8 minutes",5,All of the Lights,04:59,,93,6225,22.11.2010,2010,MBDTF,2010.0,social,"abuse, chaos","chaos, fame, consequences","urgency, intensity, confusion"
My Beautiful Dark Twisted Fantasy,Kanye West,"Def Jam, Roc-A-Fella","Pop Rap, Hip Hop, Art Pop, Experimental Hip Hop",91,89,"1 hour, 8 minutes",6,Monster,06:18,"JAY-Z, Rick Ross, Nicki Minaj, Bon Iver",89,6091,22.11.2010,2010,MBDTF,2010.0,ego,"fame, duality"," ego, excess, personas","aggression, bravado, shock"
My Beautiful Dark Twisted Fantasy,Kanye West,"Def Jam, Roc-A-Fella","Pop Rap, Hip Hop, Art Pop, Experimental Hip Hop",91,89,"1 hour, 8 minutes",7,So Appalled,06:38,"JAY-Z, Pusha T, Prince Cy Hi, Swizz Beatz, The RZA",88,5964,22.11.2010,2010,MBDTF,2010.0,industry,"fame, decadence","disillusionment, decadence, betrayal","cynicism, frustration, fatigue"
My Beautiful Dark Twisted Fantasy,Kanye West,"Def Jam, Roc-A-Fella","Pop Rap, Hip Hop, Art Pop, Experimental Hip Hop",91,89,"1 hour, 8 minutes",8,Devil in a New Dress,05:52,Rick Ross,96,6309,22.11.2010,2010,MBDTF,2010.0,romance,"temptation, betrayal","lust, betrayal, temptation","longing, hurt, bitterness"
My Beautiful Dark Twisted Fantasy,Kanye West,"Def Jam, Roc-A-Fella","Pop Rap, Hip Hop, Art Pop, Experimental Hip Hop",91,89,"1 hour, 8 minutes",9,Runaway,09:08,Pusha T,97,6440,22.11.2010,2010,MBDTF,2010.0,introspection,"regret, toxicity","self-sabotage, guilt, honesty","regret, vulnerability, sadness"
My Beautiful Dark Twisted Fantasy,Kanye West,"Def Jam, Roc-A-Fella","Pop Rap, Hip Hop, Art Pop, Experimental Hip Hop",91,89,"1 hour, 8 minutes",10,Hell of a Life,05:27,,86,5957,22.11.2010,2010,,,,,"escapism, fantasy, excess","thrill, emptiness, detachmentescapism, fantasy, excess"
My Beautiful Dark Twisted Fantasy,Kanye West,"Def Jam, Roc-A-Fella","Pop Rap, Hip Hop, Art Pop, Experimental Hip Hop",91,89,"1 hour, 8 minutes",11,Blame Game,07:49,John Legend,79,5925,22.11.2010,2010,MBDTF,2010.0,relationships,"fights, breakup","blame, dysfunction, heartbreak","pain, resentment, melancholy"
My Beautiful Dark Twisted Fantasy,Kanye West,"Def Jam, Roc-A-Fella","Pop Rap, Hip Hop, Art Pop, Experimental Hip Hop",91,89,"1 hour, 8 minutes",12,Lost in the World,04:16,Bon Iver,89,5923,22.11.2010,2010,MBDTF,2010.0,identity,"love, confusion","identity, love, confusion","euphoria, longing, chaos"
My Beautiful Dark Twisted Fantasy,Kanye West,"Def Jam, Roc-A-Fella","Pop Rap, Hip Hop, Art Pop, Experimental Hip Hop",91,89,"1 hour, 8 minutes",13,Who Will Survive in America,01:38,,80,4123,22.11.2010,2010,,,,,"politics, oppression, identity","urgency, anger, tension"
Watch the Throne,JAY-Z,Roc-A-Fella,"Pop Rap, Chipmunk Soul, Hardcore Hip Hop, Alternative R&B",74,71,46 minutes,1,No Church in the Wild,04:32,"Frank Ocean, The-Dream",91,1738,08.08.2011,2011,Watch the Throne,2011.0,philosophy,"morality, rebellion","morality, power, rebellion","tension, defiance, darkness"
Watch the Throne,JAY-Z,Roc-A-Fella,"Pop Rap, Chipmunk Soul, Hardcore Hip Hop, Alternative R&B",74,71,46 minutes,2,Lift Off,04:26,Beyonc√©,75,1581,08.08.2011,2011,Watch the Throne,2011.0,ambition,success,"aspiration, success, escape","excitement, optimism, ambition"
Watch the Throne,JAY-Z,Roc-A-Fella,"Pop Rap, Chipmunk Soul, Hardcore Hip Hop, Alternative R&B",74,71,46 minutes,3,Niggas in Paris,03:39,,92,1781,08.08.2011,2011,Watch the Throne,2011.0,celebration,"luxury, ego","success, excess, escapism","hype, exhilaration, swagger"
Watch the Throne,JAY-Z,Roc-A-Fella,"Pop Rap, Chipmunk Soul, Hardcore Hip Hop, Alternative R&B",74,71,46 minutes,4,Otis,02:58,Otis Redding,90,1729,08.08.2011,2011,Watch the Throne,2011.0,ego,rap excellence,"bragging, success, freedom","joy, confidence, playfulness"
Watch the Throne,JAY-Z,Roc-A-Fella,"Pop Rap, Chipmunk Soul, Hardcore Hip Hop, Alternative R&B",74,71,46 minutes,5,Gotta Have It,02:20,,77,1532,08.08.2011,2011,Watch the Throne,2011.0,ambition,success,"hunger, ambition, dominance","intensity, swagger, urgency"
Watch the Throne,JAY-Z,Roc-A-Fella,"Pop Rap, Chipmunk Soul, Hardcore Hip Hop, Alternative R&B",74,71,46 minutes,6,New Day,04:32,,77,1524,08.08.2011,2011,Watch the Throne,2011.0,family,"fatherhood, legacy","fatherhood, legacy, regret","reflection, hope, sadness"
Watch the Throne,JAY-Z,Roc-A-Fella,"Pop Rap, Chipmunk Soul, Hardcore Hip Hop, Alternative R&B",74,71,46 minutes,7,That's My Bitch,03:22,,74,1524,08.08.2011,2011,Watch the Throne,2011.0,race,beauty standards,"gender, power, relationships","confidence, playfulness, tension"
Watch the Throne,JAY-Z,Roc-A-Fella,"Pop Rap, Chipmunk Soul, Hardcore Hip Hop, Alternative R&B",74,71,46 minutes,8,Welcome to the Jungle,02:54,,65,1497,08.08.2011,2011,Watch the Throne,2011.0,trauma,"stress, chaos","chaos, struggle, survival","aggression, stress, urgency"
Watch the Throne,JAY-Z,Roc-A-Fella,"Pop Rap, Chipmunk Soul, Hardcore Hip Hop, Alternative R&B",74,71,46 minutes,9,Who Gon Stop Me,04:16,,63,1509,08.08.2011,2011,Watch the Throne,2011.0,ego,fearlessness,"resilience, dominance, survival","empowerment, intensity, fearlessness"
Watch the Throne,JAY-Z,Roc-A-Fella,"Pop Rap, Chipmunk Soul, Hardcore Hip Hop, Alternative R&B",74,71,46 minutes,10,Murder to Excellence,05:00,,80,1518,08.08.2011,2011,Watch the Throne,2011.0,social,"violence, race","violence, growth, Black success","sorrow, pride, hope"
Watch the Throne,JAY-Z,Roc-A-Fella,"Pop Rap, Chipmunk Soul, Hardcore Hip Hop, Alternative R&B",74,71,46 minutes,11,Made in America,04:52,Frank Ocean,73,1502,08.08.2011,2011,Watch the Throne,2011.0,religion,gratitude,"roots, struggle, gratitude","warmth, humility, nostalgia"
Watch the Throne,JAY-Z,Roc-A-Fella,"Pop Rap, Chipmunk Soul, Hardcore Hip Hop, Alternative R&B",74,71,46 minutes,12,Why I Love You,03:19,Mr Hudson,78,1521,08.08.2011,2011,Watch the Throne,2011.0,relationships,betrayal,"betrayal, loyalty, conflict","anger, hurt, disbelief"
Yeezus,Kanye West,Def Jam,"Industrial Hip Hop, Experimental Hip Hop, Electro-Industrial, Hardcore Hip Hop",83,84,40 minutes,1,On Sight,02:36,,90,4677,18.06.2013,2013,Yeezus,2013.0,chaos,"shock, industrial","new stage, crisis, religion, sex, temptation, holiness","chaos, paranoia, aggression, genius, pride"
Yeezus,Kanye West,Def Jam,"Industrial Hip Hop, Experimental Hip Hop, Electro-Industrial, Hardcore Hip Hop",83,84,40 minutes,2,Black Skinhead,03:08,,93,4619,18.06.2013,2013,Yeezus,2013.0,social,"race, rage","war, cowardice, politics","inspiration, frustration, aggression"
Yeezus,Kanye West,Def Jam,"Industrial Hip Hop, Experimental Hip Hop, Electro-Industrial, Hardcore Hip Hop",83,84,40 minutes,3,I Am a God,03:51,,83,4462,18.06.2013,2013,Yeezus,2013.0,ego,"divinity, mania","deity, self-aggrandizement, religion, power","confidence, greatness, narcissism, sacrifice"
Yeezus,Kanye West,Def Jam,"Industrial Hip Hop, Experimental Hip Hop, Electro-Industrial, Hardcore Hip Hop",83,84,40 minutes,4,New Slaves,04:16,,93,4574,18.06.2013,2013,Yeezus,2013.0,politics,"consumerism, racism","racism, capitalism, wealth, power, slavery","injustice, oppression, motivation, hatred"
Yeezus,Kanye West,Def Jam,"Industrial Hip Hop, Experimental Hip Hop, Electro-Industrial, Hardcore Hip Hop",83,84,40 minutes,5,Hold My Liquor,05:26,,91,4512,18.06.2013,2013,Yeezus,2013.0,emotion,self-destruction,"addiction, alcohol, drugs, self-destruction, destruction","fear, longing, pity, guilt"
Yeezus,Kanye West,Def Jam,"Industrial Hip Hop, Experimental Hip Hop, Electro-Industrial, Hardcore Hip Hop",83,84,40 minutes,6,I'm in It,03:54,,80,4358,18.06.2013,2013,,,,,"niggers, sexuality","aggressive, lasciviousness"
Yeezus,Kanye West,Def Jam,"Industrial Hip Hop, Experimental Hip Hop, Electro-Industrial, Hardcore Hip Hop",83,84,40 minutes,7,Blood on the Leaves,06:00,,89,4503,18.06.2013,2013,Yeezus,2013.0,social,"race, tragedy","death, slavery, relationships, society, cruelty, rasism","instability, rethinking, reflection, confusion"
Yeezus,Kanye West,Def Jam,"Industrial Hip Hop, Experimental Hip Hop, Electro-Industrial, Hardcore Hip Hop",83,84,40 minutes,8,Guilt Trip,04:03,,84,4362,18.06.2013,2013,Yeezus,2013.0,emotion,"regret, heartbreak","heartbreak, obsession, emotion manupulation","longing, hurt, frustration, emptiness"
Yeezus,Kanye West,Def Jam,"Industrial Hip Hop, Experimental Hip Hop, Electro-Industrial, Hardcore Hip Hop",83,84,40 minutes,9,Send It Up,02:58,,76,4299,18.06.2013,2013,Yeezus,2013.0,nightlife,chaos,"arrogance, racism, elitism, status","self-aggrandizement, confidence, aggressiveness, self-development"
Yeezus,Kanye West,Def Jam,"Industrial Hip Hop, Experimental Hip Hop, Electro-Industrial, Hardcore Hip Hop",83,84,40 minutes,10,Bound 2,03:49,,94,4647,18.06.2013,2013,Yeezus,2013.0,love,"nostalgia, family","complicated love, hope, affection","aggressiveness, calmness, reflection"
The Life of Pablo,Kanye West,"G.O.O.D., Def Jam","Pop Rap, Experimental Hip Hop, Trap, Contemporary R&B, Christian Hip Hop",77,84,"1 hour, 5 minutes",1,Ultralight Beam,05:20,,93,3722,14.02.2016,2016,The Life of Pablo,2016.0,religion,"salvation, hope","faith, hope, spirituality, God's grace, innocence","sincerity, sublimity, gratitude, inner struggle, spiritual upliftment"
The Life of Pablo,Kanye West,"G.O.O.D., Def Jam","Pop Rap, Experimental Hip Hop, Trap, Contemporary R&B, Christian Hip Hop",77,84,"1 hour, 5 minutes",2,"Father Stretch My Hands, Pt. 1",02:15,,93,3777,14.02.2016,2016,,,,,"religion, spirituality, help","sublimity, cry for help, personal struggle, aggressiveness"
The Life of Pablo,Kanye West,"G.O.O.D., Def Jam","Pop Rap, Experimental Hip Hop, Trap, Contemporary R&B, Christian Hip Hop",77,84,"1 hour, 5 minutes",3,Pt. 2,02:10,,76,3529,14.02.2016,2016,The Life of Pablo,2016.0,chaos,"youth, trauma","trauma, poverty, freedom"," self-love,confidence, optimism"
The Life of Pablo,Kanye West,"G.O.O.D., Def Jam","Pop Rap, Experimental Hip Hop, Trap, Contemporary R&B, Christian Hip Hop",77,84,"1 hour, 5 minutes",4,Famous,03:16,,91,3683,14.02.2016,2016,The Life of Pablo,2016.0,fame,"ego, controversy","fame, vulnerability, power, influence","vulnerability, significance, self-aggrandizement"
The Life of Pablo,Kanye West,"G.O.O.D., Def Jam","Pop Rap, Experimental Hip Hop, Trap, Contemporary R&B, Christian Hip Hop",77,84,"1 hour, 5 minutes",5,Feedback,02:27,,83,3428,14.02.2016,2016,The Life of Pablo,2016.0,ego,identity,"fame, vulnerability, power, influence","vulnerability, significance, self-aggrandizement"
The Life of Pablo,Kanye West,"G.O.O.D., Def Jam","Pop Rap, Experimental Hip Hop, Trap, Contemporary R&B, Christian Hip Hop",77,84,"1 hour, 5 minutes",6,Low Lights,02:11,,71,2515,14.02.2016,2016,The Life of Pablo,2016.0,religion,testimony,"spirituality, religion, self-knowledge, enlightenment","reflection, sinfulness, decline"
The Life of Pablo,Kanye West,"G.O.O.D., Def Jam","Pop Rap, Experimental Hip Hop, Trap, Contemporary R&B, Christian Hip Hop",77,84,"1 hour, 5 minutes",7,Highlights,03:19,,79,3351,14.02.2016,2016,The Life of Pablo,2016.0,celebration,ego,"luxury, wealth, ostentation, fortune, money, self-deification","self-deification, narcissism, self-confidence"
The Life of Pablo,Kanye West,"G.O.O.D., Def Jam","Pop Rap, Experimental Hip Hop, Trap, Contemporary R&B, Christian Hip Hop",77,84,"1 hour, 5 minutes",8,Freestyle 4,02:03,,73,3303,14.02.2016,2016,The Life of Pablo,2016.0,chaos,dark sexuality,"chaos, madness, paranoia, sex obsession, bipolar disorder","paranoia, loss of strength, fear, insecurity, pain, breakdown"
The Life of Pablo,Kanye West,"G.O.O.D., Def Jam","Pop Rap, Experimental Hip Hop, Trap, Contemporary R&B, Christian Hip Hop",77,84,"1 hour, 5 minutes",9,I Love Kanye,00:44,,84,2557,14.02.2016,2016,The Life of Pablo,2016.0,meta,self-parody,"self-irony, nostalgia, the past, acceptance of change, inconsistency","self-irony, self-praise, self-confidence, happiness"
The Life of Pablo,Kanye West,"G.O.O.D., Def Jam","Pop Rap, Experimental Hip Hop, Trap, Contemporary R&B, Christian Hip Hop",77,84,"1 hour, 5 minutes",10,Waves,03:01,,90,3522,14.02.2016,2016,The Life of Pablo,2016.0,emotion,renewal,"freedom, triumph, success, inspiration, love","self-love, inspiration, euphoria, creative upsurge"
The Life of Pablo,Kanye West,"G.O.O.D., Def Jam","Pop Rap, Experimental Hip Hop, Trap, Contemporary R&B, Christian Hip Hop",77,84,"1 hour, 5 minutes",11,FML,03:56,,88,3456,14.02.2016,2016,The Life of Pablo,2016.0,relationships,"fear, vulnerability","inner torment, family, difficulties, faith, self-discovery","mental disorder, fear, despair"
The Life of Pablo,Kanye West,"G.O.O.D., Def Jam","Pop Rap, Experimental Hip Hop, Trap, Contemporary R&B, Christian Hip Hop",77,84,"1 hour, 5 minutes",12,Real Friends,04:11,,89,3441,14.02.2016,2016,The Life of Pablo,2016.0,relationships,"trust, betrayal","friendship, betrayal, glory, loss of trust","confusion, loneliness, paranoia, self-reflection, lostness"
The Life of Pablo,Kanye West,"G.O.O.D., Def Jam","Pop Rap, Experimental Hip Hop, Trap, Contemporary R&B, Christian Hip Hop",77,84,"1 hour, 5 minutes",13,Wolves,05:01,,89,3515,14.02.2016,2016,The Life of Pablo,2016.0,emotion,"fear, insecurity","protection, betrayal, religion, enemies, external pressure","vulnerability, pain, pressure, self-destruction, sadness"
The Life of Pablo,Kanye West,"G.O.O.D., Def Jam","Pop Rap, Experimental Hip Hop, Trap, Contemporary R&B, Christian Hip Hop",77,84,"1 hour, 5 minutes",14,Frank's Track,00:38,,80,2263,14.02.2016,2016,The Life of Pablo,2016.0,introspection,emptiness,"relationships, superiority, influence, competition","self-confidence, loftiness, narcissism"
The Life of Pablo,Kanye West,"G.O.O.D., Def Jam","Pop Rap, Experimental Hip Hop, Trap, Contemporary R&B, Christian Hip Hop",77,84,"1 hour, 5 minutes",15,Siiiiiiiiilver Surffffeeeeer Intermission,00:56,,62,1813,14.02.2016,2016,The Life of Pablo,2016.0,friendship,loyalty,"friendship, irony","happiness, playfulness, humor"
The Life of Pablo,Kanye West,"G.O.O.D., Def Jam","Pop Rap, Experimental Hip Hop, Trap, Contemporary R&B, Christian Hip Hop",77,84,"1 hour, 5 minutes",16,30 Hours,05:23,,88,3464,14.02.2016,2016,The Life of Pablo,2016.0,nostalgia,memory,"relationships, nostalgia, internal monologue, reflections","reflection, nostalgia, sadness, love, thoughtfulness"
The Life of Pablo,Kanye West,"G.O.O.D., Def Jam","Pop Rap, Experimental Hip Hop, Trap, Contemporary R&B, Christian Hip Hop",77,84,"1 hour, 5 minutes",17,No More Parties in LA,06:14,,97,3883,14.02.2016,2016,The Life of Pablo,2016.0,social,Hollywood toxicity,"toxicity, idleness, society, alcohol, oblivion, cynicism","incomprehensibility, condemnation, anger, aggression"
The Life of Pablo,Kanye West,"G.O.O.D., Def Jam","Pop Rap, Experimental Hip Hop, Trap, Contemporary R&B, Christian Hip Hop",77,84,"1 hour, 5 minutes",18,Facts (Charlie Heat Version),03:20,,82,3319,14.02.2016,2016,,,,,"fame, vulnerability, power, influence","vulnerability, significance, self-aggrandizement"
The Life of Pablo,Kanye West,"G.O.O.D., Def Jam","Pop Rap, Experimental Hip Hop, Trap, Contemporary R&B, Christian Hip Hop",77,84,"1 hour, 5 minutes",19,Fade,03:13,,82,3388,14.02.2016,2016,The Life of Pablo,2016.0,relationships,fear of loss,"relationships, passion, love, loneliness, fading","sadness, loneliness, pain, insensitivity"
The Life of Pablo,Kanye West,"G.O.O.D., Def Jam","Pop Rap, Experimental Hip Hop, Trap, Contemporary R&B, Christian Hip Hop",77,84,"1 hour, 5 minutes",20,Saint Pablo,06:12,,97,3814,14.02.2016,2016,,,,,"faith, spiritual path, struggle, personality, family","reflection, self-overcoming, sadness, resentment"
ye,Kanye West,"G.O.O.D., Def Jam","Pop Rap, Contemporary R&B, Neo-Soul, Art Pop, Experimental Hip Hop",65,79,23 minutes,1,I Thought About Killing You,04:34,,83,3729,01.06.2018,2018,Ye,2018.0,mental_health,"dark thoughts, self-awareness","dark thoughts, self-conflict, ego","emptiness, tension, nihilism"
ye,Kanye West,"G.O.O.D., Def Jam","Pop Rap, Contemporary R&B, Neo-Soul, Art Pop, Experimental Hip Hop",65,79,23 minutes,2,Yikes,03:08,,84,3701,01.06.2018,2018,Ye,2018.0,mental_health,"mania, bipolar","mania, fear, self-control","mania, fear, self-control"
ye,Kanye West,"G.O.O.D., Def Jam","Pop Rap, Contemporary R&B, Neo-Soul, Art Pop, Experimental Hip Hop",65,79,23 minutes,3,All Mine,02:25,,75,3680,01.06.2018,2018,Ye,2018.0,relationships,"sex, ego","desire, temptation, ego","lust, smugness, light tension"
ye,Kanye West,"G.O.O.D., Def Jam","Pop Rap, Contemporary R&B, Neo-Soul, Art Pop, Experimental Hip Hop",65,79,23 minutes,4,Wouldn't Leave,03:25,PARTYNEXTDOOR,80,3635,01.06.2018,2018,Ye,2018.0,family,"marriage, loyalty","loyalty, crisis, forgiveness","gratitude, fear, vulnerability"
ye,Kanye West,"G.O.O.D., Def Jam","Pop Rap, Contemporary R&B, Neo-Soul, Art Pop, Experimental Hip Hop",65,79,23 minutes,5,No Mistakes,02:03,,85,3671,01.06.2018,2018,Ye,2018.0,forgiveness,renewal,"redemption, reassurance, recovery","warmth, relief, hope"
ye,Kanye West,"G.O.O.D., Def Jam","Pop Rap, Contemporary R&B, Neo-Soul, Art Pop, Experimental Hip Hop",65,79,23 minutes,6,Ghost Town,04:31,PARTYNEXTDOOR,97,4199,01.06.2018,2018,Ye,2018.0,freedom,"pain, release","emotional numbness, freedom, healing","nostalgia, release, bittersweet hope"
ye,Kanye West,"G.O.O.D., Def Jam","Pop Rap, Contemporary R&B, Neo-Soul, Art Pop, Experimental Hip Hop",65,79,23 minutes,7,Violent Crimes,03:35,,94,3917,01.06.2018,2018,Ye,2018.0,family,"fatherhood, fear","fatherhood, protection, vulnerability","fear, love, tenderness"
KIDS SEE GHOSTS,KIDS SEE GHOSTS,"Def Jam, G.O.O.D.","Experimental Hip Hop, Pop Rap, Alternative R&B, Neo-Psychedelia, Art Pop",84,87,23 minutes,1,Feel The Love,02:45,Pusha T,91,3969,08.06.2018,2018,,,,,"chaos, aggression, unity","shock, intensity, adrenaline"
KIDS SEE GHOSTS,KIDS SEE GHOSTS,"Def Jam, G.O.O.D.","Experimental Hip Hop, Pop Rap, Alternative R&B, Neo-Psychedelia, Art Pop",84,87,23 minutes,2,Fire,02:20,,88,3909,08.06.2018,2018,Kids See Ghosts,2018.0,healing,accountability,"struggle, growth, resilience","frustration, strength, reflection"
KIDS SEE GHOSTS,KIDS SEE GHOSTS,"Def Jam, G.O.O.D.","Experimental Hip Hop, Pop Rap, Alternative R&B, Neo-Psychedelia, Art Pop",84,87,23 minutes,3,4th Dimension,02:33,Louis Prima,93,3956,08.06.2018,2018,Kids See Ghosts,2018.0,surrealism,chaos,"surrealism, excess, ego","excitement, mischief, chaos"
KIDS SEE GHOSTS,KIDS SEE GHOSTS,"Def Jam, G.O.O.D.","Experimental Hip Hop, Pop Rap, Alternative R&B, Neo-Psychedelia, Art Pop",84,87,23 minutes,4,Freeee (Ghost Town Pt. 2),03:26,Ty Dolla $ign,90,3920,08.06.2018,2018,Kids See Ghosts,2018.0,freedom,mental liberation,"liberation, rebirth, self-acceptance","freedom, relief, euphoria"
KIDS SEE GHOSTS,KIDS SEE GHOSTS,"Def Jam, G.O.O.D.","Experimental Hip Hop, Pop Rap, Alternative R&B, Neo-Psychedelia, Art Pop",84,87,23 minutes,5,Reborn,05:24,,95,4007,08.06.2018,2018,Kids See Ghosts,2018.0,healing,self-growth,"renewal, healing, persistence","hope, calm, determination"
KIDS SEE GHOSTS,KIDS SEE GHOSTS,"Def Jam, G.O.O.D.","Experimental Hip Hop, Pop Rap, Alternative R&B, Neo-Psychedelia, Art Pop",84,87,23 minutes,6,Kids See Ghosts,04:05,Yasiin Bey,89,3888,08.06.2018,2018,Kids See Ghosts,2018.0,introspection,"fear, courage","mental battles, transcendence","confusion, empowerment, catharsis"
KIDS SEE GHOSTS,KIDS SEE GHOSTS,"Def Jam, G.O.O.D.","Experimental Hip Hop, Pop Rap, Alternative R&B, Neo-Psychedelia, Art Pop",84,87,23 minutes,7,Cudi Montage,03:17,,92,3906,08.06.2018,2018,Kids See Ghosts,2018.0,redemption,"struggle, faith","struggle, faith, survival","sorrow, hope, solemn strength"
JESUS IS KING,Kanye West,"G.O.O.D., Def Jam","Christian Hip Hop, CCM, Gospel, Pop Rap, Alternative R&B, Urban Contemporary Gospel",54,54,27 minutes,1,Every Hour,01:52,Sunday Service Choir,62,1821,25.10.2019,2019,Jesus Is King,2019.0,religion,"worship, purity","praise, devotion, spiritual uplift"," joy, urgency, inspiration"
JESUS IS KING,Kanye West,"G.O.O.D., Def Jam","Christian Hip Hop, CCM, Gospel, Pop Rap, Alternative R&B, Urban Contemporary Gospel",54,54,27 minutes,2,Selah,02:44,,68,1922,25.10.2019,2019,Jesus Is King,2019.0,religion,"scripture, power","faith, revelation, intensity"," awe, power, conviction"
JESUS IS KING,Kanye West,"G.O.O.D., Def Jam","Christian Hip Hop, CCM, Gospel, Pop Rap, Alternative R&B, Urban Contemporary Gospel",54,54,27 minutes,3,Follow God,01:44,,82,2039,25.10.2019,2019,Jesus Is King,2019.0,religion,"obedience, conflict","spiritual discipline, conflict","frustration, urgency, devotion"
JESUS IS KING,Kanye West,"G.O.O.D., Def Jam","Christian Hip Hop, CCM, Gospel, Pop Rap, Alternative R&B, Urban Contemporary Gospel",54,54,27 minutes,4,Closed on Sunday,02:31,,56,1932,25.10.2019,2019,Jesus Is King,2019.0,family,"religion, discipline","protection, values, temptation","seriousness, tension, resolve"
JESUS IS KING,Kanye West,"G.O.O.D., Def Jam","Christian Hip Hop, CCM, Gospel, Pop Rap, Alternative R&B, Urban Contemporary Gospel",54,54,27 minutes,5,On God,02:16,,69,1922,25.10.2019,2019,Jesus Is King,2019.0,religion,"gratitude, testimony","gratitude, testimony, survival","confidence, relief, faith"
JESUS IS KING,Kanye West,"G.O.O.D., Def Jam","Christian Hip Hop, CCM, Gospel, Pop Rap, Alternative R&B, Urban Contemporary Gospel",54,54,27 minutes,6,Everything We Need,01:56,"Ty Dolla $ign, Ant Clemons",64,1887,25.10.2019,2019,Jesus Is King,2019.0,faith,acceptance," trust, abundance, reassurance","calm, gratitude, uplift"
JESUS IS KING,Kanye West,"G.O.O.D., Def Jam","Christian Hip Hop, CCM, Gospel, Pop Rap, Alternative R&B, Urban Contemporary Gospel",54,54,27 minutes,7,Water,02:48,Ant Clemons,49,1886,25.10.2019,2019,Jesus Is King,2019.0,purity,renewal,"purity, cleansing, surrender","serenity, hope, softness"
JESUS IS KING,Kanye West,"G.O.O.D., Def Jam","Christian Hip Hop, CCM, Gospel, Pop Rap, Alternative R&B, Urban Contemporary Gospel",54,54,27 minutes,8,God Is,03:23,,72,1959,25.10.2019,2019,Jesus Is King,2019.0,worship,devotion,"faith, healing, rebirth","devotion, warmth, surrender"
JESUS IS KING,Kanye West,"G.O.O.D., Def Jam","Christian Hip Hop, CCM, Gospel, Pop Rap, Alternative R&B, Urban Contemporary Gospel",54,54,27 minutes,9,Hands On,03:23,Fred Hammond,55,1846,25.10.2019,2019,Jesus Is King,2019.0,religion,"judgment, persecution"," judgment, misunderstanding, struggle","defensiveness, hurt, pleading"
JESUS IS KING,Kanye West,"G.O.O.D., Def Jam","Christian Hip Hop, CCM, Gospel, Pop Rap, Alternative R&B, Urban Contemporary Gospel",54,54,27 minutes,10,Use This Gospel,03:33,"Clipse, Kenny G",70,1917,25.10.2019,2019,Jesus Is King,2019.0,faith,redemption,"redemption, unity, protection","hope, reverence, determination"
JESUS IS KING,Kanye West,"G.O.O.D., Def Jam","Christian Hip Hop, CCM, Gospel, Pop Rap, Alternative R&B, Urban Contemporary Gospel",54,54,27 minutes,11,Jesus Is Lord,00:49,,56,1509,25.10.2019,2019,Jesus Is King,2019.0,religion,praise,"proclamation, faith","triumph, clarity"
Donda,Kanye West,"G.O.O.D., Def Jam","Christian Hip Hop, Experimental Hip Hop, Gospel, Alternative R&B, Trap, Pop Rap",59,72,"1 hour, 48 minutes",1,Donda Chant,00:52,,54,1778,29.08.2021,2021,Donda,2021.0,grief,"mother, memory","mourning, remembrance","solemnity, grief"
Donda,Kanye West,"G.O.O.D., Def Jam","Christian Hip Hop, Experimental Hip Hop, Gospel, Alternative R&B, Trap, Pop Rap",59,72,"1 hour, 48 minutes",2,Jail,04:57,,84,2962,29.08.2021,2021,Donda,2021.0,conflict,"freedom, mistakes","blame, separation, conflict"," tension, frustration, resignation"
Donda,Kanye West,"G.O.O.D., Def Jam","Christian Hip Hop, Experimental Hip Hop, Gospel, Alternative R&B, Trap, Pop Rap",59,72,"1 hour, 48 minutes",3,God Breathed,05:33,,72,2770,29.08.2021,2021,Donda,2021.0,faith,rebirth,"faith, rebirth, struggle","darkness, intensity, conviction"
Donda,Kanye West,"G.O.O.D., Def Jam","Christian Hip Hop, Experimental Hip Hop, Gospel, Alternative R&B, Trap, Pop Rap",59,72,"1 hour, 48 minutes",4,Off The Grid,05:39,,91,3079,29.08.2021,2021,,,,,"survival, freedom, resilience","adrenaline, urgency, aggressio"
Donda,Kanye West,"G.O.O.D., Def Jam","Christian Hip Hop, Experimental Hip Hop, Gospel, Alternative R&B, Trap, Pop Rap",59,72,"1 hour, 48 minutes",5,Hurricane,04:03,,88,3003,29.08.2021,2021,Donda,2021.0,redemption,"struggle, salvation","temptation, repentance, struggle","yearning, guilt, hope"
Donda,Kanye West,"G.O.O.D., Def Jam","Christian Hip Hop, Experimental Hip Hop, Gospel, Alternative R&B, Trap, Pop Rap",59,72,"1 hour, 48 minutes",6,Praise God,03:46,,83,2896,29.08.2021,2021,Donda,2021.0,religion,testimony,"perseverance, faith, discipline","intensity, empowerment"
Donda,Kanye West,"G.O.O.D., Def Jam","Christian Hip Hop, Experimental Hip Hop, Gospel, Alternative R&B, Trap, Pop Rap",59,72,"1 hour, 48 minutes",7,Jonah,03:15,,73,2675,29.08.2021,2021,Donda,2021.0,trauma,abandonment," loss, trauma, loneliness","sorrow, numbness, despair"
Donda,Kanye West,"G.O.O.D., Def Jam","Christian Hip Hop, Experimental Hip Hop, Gospel, Alternative R&B, Trap, Pop Rap",59,72,"1 hour, 48 minutes",8,Ok Ok,03:24,,69,2670,29.08.2021,2021,Donda,2021.0,conflict,betrayal,"retaliation, self-worth, conflict","annoyance, confidence, detachment"
Donda,Kanye West,"G.O.O.D., Def Jam","Christian Hip Hop, Experimental Hip Hop, Gospel, Alternative R&B, Trap, Pop Rap",59,72,"1 hour, 48 minutes",9,Junya,02:27,,68,2712,29.08.2021,2021,Donda,2021.0,ego,"fashion, flex","flexing, style, ego"," playfulness, swagger"
Donda,Kanye West,"G.O.O.D., Def Jam","Christian Hip Hop, Experimental Hip Hop, Gospel, Alternative R&B, Trap, Pop Rap",59,72,"1 hour, 48 minutes",10,Believe What I Say,04:02,,87,2806,29.08.2021,2021,Donda,2021.0,relationships,trust issues,"trust, conflict, boundaries","frustration, clarity, calm"
Donda,Kanye West,"G.O.O.D., Def Jam","Christian Hip Hop, Experimental Hip Hop, Gospel, Alternative R&B, Trap, Pop Rap",59,72,"1 hour, 48 minutes",11,24,03:17,,84,2757,29.08.2021,2021,Donda,2021.0,religion,"hope, worship","faith, perseverance, salvation"," hope, uplift, comfort"
Donda,Kanye West,"G.O.O.D., Def Jam","Christian Hip Hop, Experimental Hip Hop, Gospel, Alternative R&B, Trap, Pop Rap",59,72,"1 hour, 48 minutes",12,Remote Control,03:18,,72,2691,29.08.2021,2021,Donda,2021.0,ego,power,"detachment, playfulness, surrealism","curiosity, lightness, confusion"
Donda,Kanye West,"G.O.O.D., Def Jam","Christian Hip Hop, Experimental Hip Hop, Gospel, Alternative R&B, Trap, Pop Rap",59,72,"1 hour, 48 minutes",13,Moon,02:36,,90,2953,29.08.2021,2021,Donda,2021.0,emotion,escape,"escape, longing, peace","serenity, sadness, emptiness"
Donda,Kanye West,"G.O.O.D., Def Jam","Christian Hip Hop, Experimental Hip Hop, Gospel, Alternative R&B, Trap, Pop Rap",59,72,"1 hour, 48 minutes",14,Heaven and Hell,02:25,,84,2732,29.08.2021,2021,Donda,2021.0,religion,judgment,"struggle, revelation, duality","struggle, revelation, duality"
Donda,Kanye West,"G.O.O.D., Def Jam","Christian Hip Hop, Experimental Hip Hop, Gospel, Alternative R&B, Trap, Pop Rap",59,72,"1 hour, 48 minutes",15,Donda,02:08,,71,2271,29.08.2021,2021,Donda,2021.0,family,mother,"memory, family, legacy","grief, respect, warmth"
Donda,Kanye West,"G.O.O.D., Def Jam","Christian Hip Hop, Experimental Hip Hop, Gospel, Alternative R&B, Trap, Pop Rap",59,72,"1 hour, 48 minutes",16,Keep My Spirit Alive,03:41,,79,2626,29.08.2021,2021,Donda,2021.0,faith,struggle," endurance, faith, resilience","strength, solemnity, hope"
Donda,Kanye West,"G.O.O.D., Def Jam","Christian Hip Hop, Experimental Hip Hop, Gospel, Alternative R&B, Trap, Pop Rap",59,72,"1 hour, 48 minutes",17,Jesus Lord,08:58,,85,2709,29.08.2021,2021,Donda,2021.0,religion,"suffering, redemption",,
Donda,Kanye West,"G.O.O.D., Def Jam","Christian Hip Hop, Experimental Hip Hop, Gospel, Alternative R&B, Trap, Pop Rap",59,72,"1 hour, 48 minutes",18,New Again,03:03,,74,2586,29.08.2021,2021,Donda,2021.0,forgiveness,rebirth,"forgiveness, cleansing, rebirth","joy, lightness, relief"
Donda,Kanye West,"G.O.O.D., Def Jam","Christian Hip Hop, Experimental Hip Hop, Gospel, Alternative R&B, Trap, Pop Rap",59,72,"1 hour, 48 minutes",19,Tell the Vision,01:44,,27,2551,29.08.2021,2021,Donda,2021.0,tribute,Pop Smoke,"tribute, legacy","sorrow, pride"
Donda,Kanye West,"G.O.O.D., Def Jam","Christian Hip Hop, Experimental Hip Hop, Gospel, Alternative R&B, Trap, Pop Rap",59,72,"1 hour, 48 minutes",20,Lord I Need You,02:42,,74,2548,29.08.2021,2021,Donda,2021.0,relationships,"family, forgiveness","reconciliation, vulnerability","tenderness, longing, regret"
Donda,Kanye West,"G.O.O.D., Def Jam","Christian Hip Hop, Experimental Hip Hop, Gospel, Alternative R&B, Trap, Pop Rap",59,72,"1 hour, 48 minutes",21,Pure Souls,05:58,,82,2627,29.08.2021,2021,Donda,2021.0,healing,optimism,"positivity, redemption, acceptance","hope, calm, uplift"
Donda,Kanye West,"G.O.O.D., Def Jam","Christian Hip Hop, Experimental Hip Hop, Gospel, Alternative R&B, Trap, Pop Rap",59,72,"1 hour, 48 minutes",22,Come to Life,05:10,,92,2889,29.08.2021,2021,Donda,2021.0,redemption,"emotion, transcendence","rebirth, clarity, redemption","catharsis, longing, warmth"
Donda,Kanye West,"G.O.O.D., Def Jam","Christian Hip Hop, Experimental Hip Hop, Gospel, Alternative R&B, Trap, Pop Rap",59,72,"1 hour, 48 minutes",23,No Child Left Behind,02:58,,84,2675,29.08.2021,2021,Donda,2021.0,faith,spiritual message," trust, purpose, divine plan","serenity, reassurance"
Donda,Kanye West,"G.O.O.D., Def Jam","Christian Hip Hop, Experimental Hip Hop, Gospel, Alternative R&B, Trap, Pop Rap",59,72,"1 hour, 48 minutes",24,Jail pt 2,04:57,,69,1790,29.08.2021,2021,,,,,"conflict, perseverance","anger, defiance"
Donda,Kanye West,"G.O.O.D., Def Jam","Christian Hip Hop, Experimental Hip Hop, Gospel, Alternative R&B, Trap, Pop Rap",59,72,"1 hour, 48 minutes",25,Ok Ok pt 2,03:24,,61,1752,29.08.2021,2021,,,,,"retaliation, boundaries","tension, confidence"
Donda,Kanye West,"G.O.O.D., Def Jam","Christian Hip Hop, Experimental Hip Hop, Gospel, Alternative R&B, Trap, Pop Rap",59,72,"1 hour, 48 minutes",26,Junya pt 2,03:02,,64,1768,29.08.2021,2021,,,,,"ego, flexing","swagger, energy"
Donda,Kanye West,"G.O.O.D., Def Jam","Christian Hip Hop, Experimental Hip Hop, Gospel, Alternative R&B, Trap, Pop Rap",59,72,"1 hour, 48 minutes",27,Jesus Lord pt 2,11:30,,74,1768,29.08.2021,2021,,,,,"extended suffering, testimony","deeper sorrow, heavier reverence"
Donda 2,Kanye West,No Label,"Trap, Experimental Hip Hop, Pop Rap, Alternative R&B, Contemporary R&B",46,33,47 minutes,1,True Love,02:40,,62,608,24.02.2022,2022,Donda 2,2022.0,family,"divorce, children","separation, longing, co-parenting","sadness, tenderness, regret"
Donda 2,Kanye West,No Label,"Trap, Experimental Hip Hop, Pop Rap, Alternative R&B, Contemporary R&B",46,33,47 minutes,2,Broken Road,01:40,,55,575,24.02.2022,2022,Donda 2,2022.0,emotion,reflection,"struggle, redemption, surrender","exhaustion, hope, vulnerability"
Donda 2,Kanye West,No Label,"Trap, Experimental Hip Hop, Pop Rap, Alternative R&B, Contemporary R&B",46,33,47 minutes,3,Get Lost,02:35,,34,571,24.02.2022,2022,Donda 2,2022.0,introspection,emptiness,"heartbreak, rumination","confusion, sadness, fixation"
Donda 2,Kanye West,No Label,"Trap, Experimental Hip Hop, Pop Rap, Alternative R&B, Contemporary R&B",46,33,47 minutes,4,Too Easy,02:58,,49,565,24.02.2022,2022,Donda 2,2022.0,ego,success,"confidence, ego, detachment","smugness, calm, control"
Donda 2,Kanye West,No Label,"Trap, Experimental Hip Hop, Pop Rap, Alternative R&B, Contemporary R&B",46,33,47 minutes,5,Flowers,02:51,,53,562,24.02.2022,2022,,,,," affection, reconciliation"," affection, reconciliation"
Donda 2,Kanye West,No Label,"Trap, Experimental Hip Hop, Pop Rap, Alternative R&B, Contemporary R&B",46,33,47 minutes,6,Security,02:16,,54,571,24.02.2022,2022,Donda 2,2022.0,anger,"paranoia, conflict","protection, paranoia","tension, vigilance"
Donda 2,Kanye West,No Label,"Trap, Experimental Hip Hop, Pop Rap, Alternative R&B, Contemporary R&B",46,33,47 minutes,7,We Did It Kid,02:48,,62,560,24.02.2022,2022,Donda 2,2022.0,celebration,legacy,"triumph, celebration","joy, pride, excitement"
Donda 2,Kanye West,No Label,"Trap, Experimental Hip Hop, Pop Rap, Alternative R&B, Contemporary R&B",46,33,47 minutes,8,Pablo,02:34,,60,566,24.02.2022,2022,Donda 2,2022.0,identity,chaos,"chaos, identity, fame","anxiety, confusion, bravado"
Donda 2,Kanye West,No Label,"Trap, Experimental Hip Hop, Pop Rap, Alternative R&B, Contemporary R&B",46,33,47 minutes,9,Louie Bags,03:13,,39,550,24.02.2022,2022,,,,,"betrayal, luxury, resentment","anger, frustration, detachment"
Donda 2,Kanye West,No Label,"Trap, Experimental Hip Hop, Pop Rap, Alternative R&B, Contemporary R&B",46,33,47 minutes,10,Happy,04:45,,49,542,24.02.2022,2022,,,,,"love, stability, renewal","joy, peace, gratitude"
Donda 2,Kanye West,No Label,"Trap, Experimental Hip Hop, Pop Rap, Alternative R&B, Contemporary R&B",46,33,47 minutes,11,Sci Fi,04:00,,47,536,24.02.2022,2022,,,,,"surreal love, obsession","fascination, unease, longing"
Donda 2,Kanye West,No Label,"Trap, Experimental Hip Hop, Pop Rap, Alternative R&B, Contemporary R&B",46,33,47 minutes,12,Selfish,01:39,,44,522,24.02.2022,2022,,,,,"heartbreak, attachment, regret","sadness, yearning, vulnerabilit"
Donda 2,Kanye West,No Label,"Trap, Experimental Hip Hop, Pop Rap, Alternative R&B, Contemporary R&B",46,33,47 minutes,13,Lord Lift Me Up,02:09,,46,532,24.02.2022,2022,,,,,"rescue, faith, surrender","desperation, hope, relief"
Donda 2,Kanye West,No Label,"Trap, Experimental Hip Hop, Pop Rap, Alternative R&B, Contemporary R&B",46,33,47 minutes,14,City of Gods,04:16,,69,572,24.02.2022,2022,,,,,"triumph, legacy, struggle","pride, intensity, grief"
Donda 2,Kanye West,No Label,"Trap, Experimental Hip Hop, Pop Rap, Alternative R&B, Contemporary R&B",46,33,47 minutes,15,First Time in a Long Time,03:04,,50,536,24.02.2022,2022,,,,,"reconnection, healing","tenderness, hesitation, hope"
Donda 2,Kanye West,No Label,"Trap, Experimental Hip Hop, Pop Rap, Alternative R&B, Contemporary R&B",46,33,47 minutes,16,Eazy,03:54,,56,502,24.02.2022,2022,,,,,"conflict, ego, retaliation","aggression, bitterness, defiance"
VULTURES 1,¬•$,YZY,"Pop Rap, Trap, Alternative R&B, Hip House, Experimental Hip Hop",43,46,55 minutes,1,STARS,01:55,,70,4085,10.02.2024,2024,,,,,"ambition, destiny, ego","pride, confidence, wonder"
VULTURES 1,¬•$,YZY,"Pop Rap, Trap, Alternative R&B, Hip House, Experimental Hip Hop",43,46,55 minutes,2,KEYS TO MY LIFE,02:54,,56,3922,10.02.2024,2024,,,,,"reflection, struggle, identity","pain, nostalgia, introspection"
VULTURES 1,¬•$,YZY,"Pop Rap, Trap, Alternative R&B, Hip House, Experimental Hip Hop",43,46,55 minutes,3,PAID,03:15,,57,3978,10.02.2024,2024,,,,,"success, hustle, self-worth","confidence, hunger, excitement"
VULTURES 1,¬•$,YZY,"Pop Rap, Trap, Alternative R&B, Hip House, Experimental Hip Hop",43,46,55 minutes,4,TALKING,03:05,,56,3967,10.02.2024,2024,,,,,"conflict, reputation, pressure","irritation, tension, defiance"
VULTURES 1,¬•$,YZY,"Pop Rap, Trap, Alternative R&B, Hip House, Experimental Hip Hop",43,46,55 minutes,5,BACK TO ME,04:55,,66,4051,10.02.2024,2024,,,,,"heartbreak, longing, regret","sadness, yearning, vulnerability"
VULTURES 1,¬•$,YZY,"Pop Rap, Trap, Alternative R&B, Hip House, Experimental Hip Hop",43,46,55 minutes,6,HOODRAT,03:42,,40,4026,10.02.2024,2024,,,,,"environment, survival, identity","grit, nostalgia, confidence"
VULTURES 1,¬•$,YZY,"Pop Rap, Trap, Alternative R&B, Hip House, Experimental Hip Hop",43,46,55 minutes,7,DO IT,03:45,,64,3905,10.02.2024,2024,,,,,"ambition, proof, determination","drive, intensity, focus"
VULTURES 1,¬•$,YZY,"Pop Rap, Trap, Alternative R&B, Hip House, Experimental Hip Hop",43,46,55 minutes,8,PAPERWORK,02:25,,53,3886,10.02.2024,2024,,,,,"business, power, responsibility","stress, control, seriousness"
VULTURES 1,¬•$,YZY,"Pop Rap, Trap, Alternative R&B, Hip House, Experimental Hip Hop",43,46,55 minutes,9,BURN,01:51,,81,4198,10.02.2024,2024,,,,,"anger, conflict, release","rage, tension, catharsis"
VULTURES 1,¬•$,YZY,"Pop Rap, Trap, Alternative R&B, Hip House, Experimental Hip Hop",43,46,55 minutes,10,FUK SUMN,03:29,,66,3993,10.02.2024,2024,,,,,"chaos, rebellion, energy","aggression, thrill, recklessness"
VULTURES 1,¬•$,YZY,"Pop Rap, Trap, Alternative R&B, Hip House, Experimental Hip Hop",43,46,55 minutes,11,VULTURES,04:36,,45,3978,10.02.2024,2024,,,,,"exploitation, fame, survival","paranoia, anger, defiance"
VULTURES 1,¬•$,YZY,"Pop Rap, Trap, Alternative R&B, Hip House, Experimental Hip Hop",43,46,55 minutes,12,CARNIVAL,04:24,,62,4172,10.02.2024,2024,,,,,"chaos, spectacle, ego","excitement, madness, adrenaline"
VULTURES 1,¬•$,YZY,"Pop Rap, Trap, Alternative R&B, Hip House, Experimental Hip Hop",43,46,55 minutes,13,BEG FORGIVENESS,06:09,,57,3851,10.02.2024,2024,,,,,"guilt, redemption, remorse","regret, sorrow, vulnerability"
VULTURES 1,¬•$,YZY,"Pop Rap, Trap, Alternative R&B, Hip House, Experimental Hip Hop",43,46,55 minutes,14,GOOD (DON'T DIE),03:19,,65,3451,10.02.2024,2024,,,,,"struggle, hope, survival","fear, determination, uplift"
VULTURES 1,¬•$,YZY,"Pop Rap, Trap, Alternative R&B, Hip House, Experimental Hip Hop",43,46,55 minutes,15,PROBLEMATIC,03:14,,59,3837,10.02.2024,2024,,,,,"self-awareness, controversy, ego","frustration, boldness, irony"
VULTURES 1,¬•$,YZY,"Pop Rap, Trap, Alternative R&B, Hip House, Experimental Hip Hop",43,46,55 minutes,16,KING,02:36,,44,3862,10.02.2024,2024,,,,," dominance, legacy, power","pride, confidence, authority"
VULTURES 2,¬•$,YZY,"Pop Rap, Trap, Alternative R&B",40,28,49 minutes,1,SLIDE,03:18,,65,3171,03.08.2024,2024,,,,," temptation, recklessness, thrill","excitement, tension, seduction"
VULTURES 2,¬•$,YZY,"Pop Rap, Trap, Alternative R&B",40,28,49 minutes,2,TIME MOVING SLOW,02:39,,46,3013,03.08.2024,2024,,,,,"despair, stagnation, numbness"," sadness, emptiness, fatigue"
VULTURES 2,¬•$,YZY,"Pop Rap, Trap, Alternative R&B",40,28,49 minutes,3,FIELD TRIP,02:47,,61,3146,03.08.2024,2024,,,,,"exploration, escape, adventure","curiosity, excitement, lightness"
VULTURES 2,¬•$,YZY,"Pop Rap, Trap, Alternative R&B",40,28,49 minutes,4,FRIED,02:59,,46,3041,03.08.2024,2024,,,,," burnout, overload, chaos","exhaustion, confusion, haze"
VULTURES 2,¬•$,YZY,"Pop Rap, Trap, Alternative R&B",40,28,49 minutes,5,ISABELLA,00:08,,16,1908,03.08.2024,2024,,,,,"desire, fantasy, obsession","longing, intrigue, tension"
VULTURES 2,¬•$,YZY,"Pop Rap, Trap, Alternative R&B",40,28,49 minutes,6,PROMOTION,02:38,,55,2981,03.08.2024,2024,,,,,"ambition, validation, progress"," pride, relief, motivation"
VULTURES 2,¬•$,YZY,"Pop Rap, Trap, Alternative R&B",40,28,49 minutes,7,HUSBAND,02:17,,24,2991,03.08.2024,2024,,,,,"responsibility, loyalty, maturity","devotion, pressure, warmth"
VULTURES 2,¬•$,YZY,"Pop Rap, Trap, Alternative R&B",40,28,49 minutes,8,LIFESTYLE,03:23,,40,2912,03.08.2024,2024,,,,,"fame, excess, identity","thrill, emptiness, confidence"
VULTURES 2,¬•$,YZY,"Pop Rap, Trap, Alternative R&B",40,28,49 minutes,9,FOREVER,02:15,,36,2840,03.08.2024,2024,,,,,"love, eternity, commitment"," hope, warmth, longing"
VULTURES 2,¬•$,YZY,"Pop Rap, Trap, Alternative R&B",40,28,49 minutes,10,BOMB,02:31,,18,3243,03.08.2024,2024,,,,," danger, impact, unpredictability","fear, adrenaline, intensity"
VULTURES 2,¬•$,YZY,"Pop Rap, Trap, Alternative R&B",40,28,49 minutes,11,RIVER,04:07,,63,3025,03.08.2024,2024,,,,," cleansing, surrender, emotion","sadness, peace, flow"
VULTURES 2,¬•$,YZY,"Pop Rap, Trap, Alternative R&B",40,28,49 minutes,12,530,04:50,,47,3021,03.08.2024,2024,,,,,"confusion, heartbreak, numbness"," isolation, despair, emptiness"
VULTURES 2,¬•$,YZY,"Pop Rap, Trap, Alternative R&B",40,28,49 minutes,13,DEAD,04:23,,44,2876,03.08.2024,2024,,,,,"emotional collapse, burnout"," numbness, defeat, darkness"
VULTURES 2,¬•$,YZY,"Pop Rap, Trap, Alternative R&B",40,28,49 minutes,14,FOREVER ROLLING,03:17,,47,2849,03.08.2024,2024,,,,,"grind, persistence, momentum"," focus, determination, calm"
VULTURES 2,¬•$,YZY,"Pop Rap, Trap, Alternative R&B",40,28,49 minutes,15,SKY CITY,04:22,,35,2947,03.08.2024,2024,,,,,"ambition, transcendence, future","wonder, inspiration, hope"
VULTURES 2,¬•$,YZY,"Pop Rap, Trap, Alternative R&B",40,28,49 minutes,16,MY SOUL,03:44,,38,2818,03.08.2024,2024,,,,," vulnerability, confession, identity","pain, sincerity, longing"
