album_title,artist,labels,genres,critic_score,user_score,album_length,track_number,track_title,track_length,featured_artists,track_rating,track_rating_count,release_date_clean,year_x,album,year_y,main_theme,subthemes
The College Dropout,Kanye West,"Def Jam, Roc-A-Fella","Chipmunk Soul, Pop Rap, Conscious Hip Hop, Neo-Soul, Spoken Word",81,91,"1 hour, 16 minutes",1,Intro,0:19,,78,1884,2004-02-10,2004,The College Dropout,2004.0,social,"education, expectations"
The College Dropout,Kanye West,"Def Jam, Roc-A-Fella","Chipmunk Soul, Pop Rap, Conscious Hip Hop, Neo-Soul, Spoken Word",81,91,"1 hour, 16 minutes",2,We Don't Care,3:59,,93,4522,2004-02-10,2004,The College Dropout,2004.0,social,"youth, poverty, inequality"
The College Dropout,Kanye West,"Def Jam, Roc-A-Fella","Chipmunk Soul, Pop Rap, Conscious Hip Hop, Neo-Soul, Spoken Word",81,91,"1 hour, 16 minutes",3,Graduation Day,1:21,,82,2328,2004-02-10,2004,The College Dropout,2004.0,social,"discipline, conformity"
The College Dropout,Kanye West,"Def Jam, Roc-A-Fella","Chipmunk Soul, Pop Rap, Conscious Hip Hop, Neo-Soul, Spoken Word",81,91,"1 hour, 16 minutes",4,All Falls Down,3:43,Syleena Johnson,96,4622,2004-02-10,2004,The College Dropout,2004.0,identity,"insecurity, capitalism"
The College Dropout,Kanye West,"Def Jam, Roc-A-Fella","Chipmunk Soul, Pop Rap, Conscious Hip Hop, Neo-Soul, Spoken Word",81,91,"1 hour, 16 minutes",5,I'll Fly Away,1:09,,83,2437,2004-02-10,2004,The College Dropout,2004.0,religion,freedom
The College Dropout,Kanye West,"Def Jam, Roc-A-Fella","Chipmunk Soul, Pop Rap, Conscious Hip Hop, Neo-Soul, Spoken Word",81,91,"1 hour, 16 minutes",6,Spaceship,5:24,"GLC, Consequence",94,4490,2004-02-10,2004,The College Dropout,2004.0,work,"exploitation, dreams"
The College Dropout,Kanye West,"Def Jam, Roc-A-Fella","Chipmunk Soul, Pop Rap, Conscious Hip Hop, Neo-Soul, Spoken Word",81,91,"1 hour, 16 minutes",7,Jesus Walks,3:13,,96,4517,2004-02-10,2004,The College Dropout,2004.0,religion,"faith, salvation"
The College Dropout,Kanye West,"Def Jam, Roc-A-Fella","Chipmunk Soul, Pop Rap, Conscious Hip Hop, Neo-Soul, Spoken Word",81,91,"1 hour, 16 minutes",8,Never Let Me Down,5:24,"JAY-Z, J. Ivy",91,4350,2004-02-10,2004,The College Dropout,2004.0,motivation,"race, inspiration"
The College Dropout,Kanye West,"Def Jam, Roc-A-Fella","Chipmunk Soul, Pop Rap, Conscious Hip Hop, Neo-Soul, Spoken Word",81,91,"1 hour, 16 minutes",9,Get Em High,4:49,"Talib Kweli, Common",86,4256,2004-02-10,2004,The College Dropout,2004.0,lifestyle,"ego, weed"
The College Dropout,Kanye West,"Def Jam, Roc-A-Fella","Chipmunk Soul, Pop Rap, Conscious Hip Hop, Neo-Soul, Spoken Word",81,91,"1 hour, 16 minutes",10,Workout Plan,0:46,,74,1904,2004-02-10,2004,The College Dropout,2004.0,humor,beauty standards
The College Dropout,Kanye West,"Def Jam, Roc-A-Fella","Chipmunk Soul, Pop Rap, Conscious Hip Hop, Neo-Soul, Spoken Word",81,91,"1 hour, 16 minutes",11,The New Workout Plan,5:22,,88,4334,2004-02-10,2004,The College Dropout,2004.0,satire,body image
The College Dropout,Kanye West,"Def Jam, Roc-A-Fella","Chipmunk Soul, Pop Rap, Conscious Hip Hop, Neo-Soul, Spoken Word",81,91,"1 hour, 16 minutes",12,Slow Jamz,5:16,"Twista, Jamie Foxx",94,4407,2004-02-10,2004,The College Dropout,2004.0,romance,humor
The College Dropout,Kanye West,"Def Jam, Roc-A-Fella","Chipmunk Soul, Pop Rap, Conscious Hip Hop, Neo-Soul, Spoken Word",81,91,"1 hour, 16 minutes",13,Breathe In Breathe Out,4:06,Ludacris,83,4205,2004-02-10,2004,The College Dropout,2004.0,ego,rap identity
The College Dropout,Kanye West,"Def Jam, Roc-A-Fella","Chipmunk Soul, Pop Rap, Conscious Hip Hop, Neo-Soul, Spoken Word",81,91,"1 hour, 16 minutes",14,School Spirit Skit 1,1:18,,78,1834,2004-02-10,2004,The College Dropout,2004.0,satire,education
The College Dropout,Kanye West,"Def Jam, Roc-A-Fella","Chipmunk Soul, Pop Rap, Conscious Hip Hop, Neo-Soul, Spoken Word",81,91,"1 hour, 16 minutes",15,School Spirit,3:02,,85,4064,2004-02-10,2004,The College Dropout,2004.0,rebellion,"youth, identity"
The College Dropout,Kanye West,"Def Jam, Roc-A-Fella","Chipmunk Soul, Pop Rap, Conscious Hip Hop, Neo-Soul, Spoken Word",81,91,"1 hour, 16 minutes",16,School Spirit Skit 2,0:43,,77,1822,2004-02-10,2004,The College Dropout,2004.0,satire,conformity
The College Dropout,Kanye West,"Def Jam, Roc-A-Fella","Chipmunk Soul, Pop Rap, Conscious Hip Hop, Neo-Soul, Spoken Word",81,91,"1 hour, 16 minutes",17,Lil Jimmy Skit,0:53,,80,1892,2004-02-10,2004,The College Dropout,2004.0,satire,family expectations
The College Dropout,Kanye West,"Def Jam, Roc-A-Fella","Chipmunk Soul, Pop Rap, Conscious Hip Hop, Neo-Soul, Spoken Word",81,91,"1 hour, 16 minutes",18,Two Words,4:26,"Mos Def, Freeway, The Boys Choir of Harlem",95,4361,2004-02-10,2004,The College Dropout,2004.0,social,"race, aggression"
The College Dropout,Kanye West,"Def Jam, Roc-A-Fella","Chipmunk Soul, Pop Rap, Conscious Hip Hop, Neo-Soul, Spoken Word",81,91,"1 hour, 16 minutes",19,Through the Wire,3:41,,97,4523,2004-02-10,2004,The College Dropout,2004.0,trauma,"survival, recovery"
The College Dropout,Kanye West,"Def Jam, Roc-A-Fella","Chipmunk Soul, Pop Rap, Conscious Hip Hop, Neo-Soul, Spoken Word",81,91,"1 hour, 16 minutes",20,Family Business,4:38,,96,4415,2004-02-10,2004,The College Dropout,2004.0,family,"nostalgia, roots"
The College Dropout,Kanye West,"Def Jam, Roc-A-Fella","Chipmunk Soul, Pop Rap, Conscious Hip Hop, Neo-Soul, Spoken Word",81,91,"1 hour, 16 minutes",21,Last Call,12:40,,94,4254,2004-02-10,2004,The College Dropout,2004.0,legacy,"career, ambition"
Late Registration,Kanye West,Roc-A-Fella,"Pop Rap, Conscious Hip Hop, Jazz Rap, Neo-Soul, Chipmunk Soul",84,90,"1 hour, 10 minutes",1,Wake Up Mr. West,0:41,,82,1662,2005-08-30,2005,Late Registration,2005.0,social,"fame, criticism"
Late Registration,Kanye West,Roc-A-Fella,"Pop Rap, Conscious Hip Hop, Jazz Rap, Neo-Soul, Chipmunk Soul",84,90,"1 hour, 10 minutes",2,Heard 'Em Say,3:23,Adam Levine,94,3658,2005-08-30,2005,Late Registration,2005.0,social,"hope, struggle"
Late Registration,Kanye West,Roc-A-Fella,"Pop Rap, Conscious Hip Hop, Jazz Rap, Neo-Soul, Chipmunk Soul",84,90,"1 hour, 10 minutes",3,Touch the Sky,3:56,Lupe Fiasco,97,3763,2005-08-30,2005,Late Registration,2005.0,ambition,"success, risk"
Late Registration,Kanye West,Roc-A-Fella,"Pop Rap, Conscious Hip Hop, Jazz Rap, Neo-Soul, Chipmunk Soul",84,90,"1 hour, 10 minutes",4,Gold Digger,3:27,Jamie Foxx,91,3651,2005-08-30,2005,Late Registration,2005.0,relationships,"money, conflict"
Late Registration,Kanye West,Roc-A-Fella,"Pop Rap, Conscious Hip Hop, Jazz Rap, Neo-Soul, Chipmunk Soul",84,90,"1 hour, 10 minutes",5,Skit #1,0:33,,78,1442,2005-08-30,2005,Late Registration,2005.0,satire,fraternity
Late Registration,Kanye West,Roc-A-Fella,"Pop Rap, Conscious Hip Hop, Jazz Rap, Neo-Soul, Chipmunk Soul",84,90,"1 hour, 10 minutes",6,Drive Slow,4:32,"Paul Wall, GLC",90,3513,2005-08-30,2005,Late Registration,2005.0,wisdom,life lessons
Late Registration,Kanye West,Roc-A-Fella,"Pop Rap, Conscious Hip Hop, Jazz Rap, Neo-Soul, Chipmunk Soul",84,90,"1 hour, 10 minutes",7,My Way Home,1:43,Common,86,3209,2005-08-30,2005,Late Registration,2005.0,identity,race
Late Registration,Kanye West,Roc-A-Fella,"Pop Rap, Conscious Hip Hop, Jazz Rap, Neo-Soul, Chipmunk Soul",84,90,"1 hour, 10 minutes",8,Crack Music,4:30,The Game,86,3434,2005-08-30,2005,Late Registration,2005.0,politics,systemic oppression
Late Registration,Kanye West,Roc-A-Fella,"Pop Rap, Conscious Hip Hop, Jazz Rap, Neo-Soul, Chipmunk Soul",84,90,"1 hour, 10 minutes",9,Roses,4:05,,95,3585,2005-08-30,2005,Late Registration,2005.0,family,"illness, grief"
Late Registration,Kanye West,Roc-A-Fella,"Pop Rap, Conscious Hip Hop, Jazz Rap, Neo-Soul, Chipmunk Soul",84,90,"1 hour, 10 minutes",10,Bring Me Down,3:18,Brandy,88,3360,2005-08-30,2005,Late Registration,2005.0,ego,haters
Late Registration,Kanye West,Roc-A-Fella,"Pop Rap, Conscious Hip Hop, Jazz Rap, Neo-Soul, Chipmunk Soul",84,90,"1 hour, 10 minutes",11,Addiction,4:27,,87,3399,2005-08-30,2005,Late Registration,2005.0,introspection,temptation
Late Registration,Kanye West,Roc-A-Fella,"Pop Rap, Conscious Hip Hop, Jazz Rap, Neo-Soul, Chipmunk Soul",84,90,"1 hour, 10 minutes",12,Skit #2,0:31,,78,1414,2005-08-30,2005,Late Registration,2005.0,satire,capitalism
Late Registration,Kanye West,Roc-A-Fella,"Pop Rap, Conscious Hip Hop, Jazz Rap, Neo-Soul, Chipmunk Soul",84,90,"1 hour, 10 minutes",13,Diamonds from Sierra Leone (Remix),3:53,JAY-Z,96,3568,2005-08-30,2005,,,,
Late Registration,Kanye West,Roc-A-Fella,"Pop Rap, Conscious Hip Hop, Jazz Rap, Neo-Soul, Chipmunk Soul",84,90,"1 hour, 10 minutes",14,We Major,7:28,"Nas, Really Doe",96,3674,2005-08-30,2005,Late Registration,2005.0,celebration,success
Late Registration,Kanye West,Roc-A-Fella,"Pop Rap, Conscious Hip Hop, Jazz Rap, Neo-Soul, Chipmunk Soul",84,90,"1 hour, 10 minutes",15,Skit #3,0:24,,76,1406,2005-08-30,2005,Late Registration,2005.0,satire,poverty
Late Registration,Kanye West,Roc-A-Fella,"Pop Rap, Conscious Hip Hop, Jazz Rap, Neo-Soul, Chipmunk Soul",84,90,"1 hour, 10 minutes",16,Hey Mama,5:05,,95,3576,2005-08-30,2005,Late Registration,2005.0,family,"gratitude, motherhood"
Late Registration,Kanye West,Roc-A-Fella,"Pop Rap, Conscious Hip Hop, Jazz Rap, Neo-Soul, Chipmunk Soul",84,90,"1 hour, 10 minutes",17,Celebration,3:18,,87,3345,2005-08-30,2005,Late Registration,2005.0,lifestyle,"party, fame"
Late Registration,Kanye West,Roc-A-Fella,"Pop Rap, Conscious Hip Hop, Jazz Rap, Neo-Soul, Chipmunk Soul",84,90,"1 hour, 10 minutes",18,Skit #4,1:18,,82,1520,2005-08-30,2005,Late Registration,2005.0,satire,financial pressure
Late Registration,Kanye West,Roc-A-Fella,"Pop Rap, Conscious Hip Hop, Jazz Rap, Neo-Soul, Chipmunk Soul",84,90,"1 hour, 10 minutes",19,Gone,5:33,"Consequence, Cam'ron",91,3373,2005-08-30,2005,Late Registration,2005.0,career,transition
Late Registration,Kanye West,Roc-A-Fella,"Pop Rap, Conscious Hip Hop, Jazz Rap, Neo-Soul, Chipmunk Soul",84,90,"1 hour, 10 minutes",20,Diamonds from Sierra Leone,3:58,,93,2991,2005-08-30,2005,Late Registration,2005.0,politics,global exploitation
Late Registration,Kanye West,Roc-A-Fella,"Pop Rap, Conscious Hip Hop, Jazz Rap, Neo-Soul, Chipmunk Soul",84,90,"1 hour, 10 minutes",21,Late,3:50,,91,3250,2005-08-30,2005,Late Registration,2005.0,introspection,self-worth
Graduation,Kanye West,Roc-A-Fella,"Pop Rap, Electropop, Chipmunk Soul, Electro Hop",76,86,51 minutes,1,Good Morning,3:15,,92,4649,2007-09-11,2007,Graduation,2007.0,motivation,self-growth
Graduation,Kanye West,Roc-A-Fella,"Pop Rap, Electropop, Chipmunk Soul, Electro Hop",76,86,51 minutes,2,Champion,2:47,,91,4588,2007-09-11,2007,Graduation,2007.0,self-worth,confidence
Graduation,Kanye West,Roc-A-Fella,"Pop Rap, Electropop, Chipmunk Soul, Electro Hop",76,86,51 minutes,3,Stronger,5:11,,92,4674,2007-09-11,2007,Graduation,2007.0,ambition,resilience
Graduation,Kanye West,Roc-A-Fella,"Pop Rap, Electropop, Chipmunk Soul, Electro Hop",76,86,51 minutes,4,I Wonder,4:03,,95,4712,2007-09-11,2007,Graduation,2007.0,introspection,destiny
Graduation,Kanye West,Roc-A-Fella,"Pop Rap, Electropop, Chipmunk Soul, Electro Hop",76,86,51 minutes,5,Good Life,3:27,T-Pain,89,4518,2007-09-11,2007,Graduation,2007.0,celebration,fame
Graduation,Kanye West,Roc-A-Fella,"Pop Rap, Electropop, Chipmunk Soul, Electro Hop",76,86,51 minutes,6,Can't Tell Me Nothing,4:31,,92,4603,2007-09-11,2007,Graduation,2007.0,rebellion,ego
Graduation,Kanye West,Roc-A-Fella,"Pop Rap, Electropop, Chipmunk Soul, Electro Hop",76,86,51 minutes,7,Barry Bonds,3:24,Lil Wayne,74,4434,2007-09-11,2007,Graduation,2007.0,ego,competition
Graduation,Kanye West,Roc-A-Fella,"Pop Rap, Electropop, Chipmunk Soul, Electro Hop",76,86,51 minutes,8,Drunk and Hot Girls,5:13,Mos Def,61,4503,2007-09-11,2007,Graduation,2007.0,emptiness,nightlife
Graduation,Kanye West,Roc-A-Fella,"Pop Rap, Electropop, Chipmunk Soul, Electro Hop",76,86,51 minutes,9,Flashing Lights,3:57,Dwele,95,4701,2007-09-11,2007,Graduation,2007.0,relationships,"fame, distance"
Graduation,Kanye West,Roc-A-Fella,"Pop Rap, Electropop, Chipmunk Soul, Electro Hop",76,86,51 minutes,10,Everything I Am,3:47,DJ Premier,91,4519,2007-09-11,2007,Graduation,2007.0,introspection,self-acceptance
Graduation,Kanye West,Roc-A-Fella,"Pop Rap, Electropop, Chipmunk Soul, Electro Hop",76,86,51 minutes,11,The Glory,3:32,,85,4372,2007-09-11,2007,Graduation,2007.0,ambition,legacy
Graduation,Kanye West,Roc-A-Fella,"Pop Rap, Electropop, Chipmunk Soul, Electro Hop",76,86,51 minutes,12,Homecoming,3:23,Chris Martin,93,4587,2007-09-11,2007,Graduation,2007.0,nostalgia,"identity, roots"
Graduation,Kanye West,Roc-A-Fella,"Pop Rap, Electropop, Chipmunk Soul, Electro Hop",76,86,51 minutes,13,Big Brother,4:47,,87,4372,2007-09-11,2007,Graduation,2007.0,relationships,"mentorship, conflict"
808s & Heartbreak,Kanye West,"Def Jam, Roc-A-Fella","Synthpop, Electropop, Art Pop, Pop Rap, Alternative R&B",74,80,52 minutes,1,Say You Will,6:17,,85,2854,2008-11-24,2008,808s & Heartbreak,2008.0,heartbreak,"longing, emptiness"
808s & Heartbreak,Kanye West,"Def Jam, Roc-A-Fella","Synthpop, Electropop, Art Pop, Pop Rap, Alternative R&B",74,80,52 minutes,2,Welcome to Heartbreak,4:22,Kid Cudi,88,2863,2008-11-24,2008,808s & Heartbreak,2008.0,emotion,"envy, regret"
808s & Heartbreak,Kanye West,"Def Jam, Roc-A-Fella","Synthpop, Electropop, Art Pop, Pop Rap, Alternative R&B",74,80,52 minutes,3,Heartless,3:31,,93,2983,2008-11-24,2008,808s & Heartbreak,2008.0,heartbreak,betrayal
808s & Heartbreak,Kanye West,"Def Jam, Roc-A-Fella","Synthpop, Electropop, Art Pop, Pop Rap, Alternative R&B",74,80,52 minutes,4,Amazing,3:58,Young Jeezy,83,2809,2008-11-24,2008,808s & Heartbreak,2008.0,ego,resilience
808s & Heartbreak,Kanye West,"Def Jam, Roc-A-Fella","Synthpop, Electropop, Art Pop, Pop Rap, Alternative R&B",74,80,52 minutes,5,Love Lockdown,4:30,,88,2837,2008-11-24,2008,808s & Heartbreak,2008.0,emotion,isolation
808s & Heartbreak,Kanye West,"Def Jam, Roc-A-Fella","Synthpop, Electropop, Art Pop, Pop Rap, Alternative R&B",74,80,52 minutes,6,Paranoid,4:37,Mr Hudson,91,2877,2008-11-24,2008,808s & Heartbreak,2008.0,emotion,"fear, anxiety"
808s & Heartbreak,Kanye West,"Def Jam, Roc-A-Fella","Synthpop, Electropop, Art Pop, Pop Rap, Alternative R&B",74,80,52 minutes,7,RoboCop,4:34,,81,2785,2008-11-24,2008,808s & Heartbreak,2008.0,relationships,"control, conflict"
808s & Heartbreak,Kanye West,"Def Jam, Roc-A-Fella","Synthpop, Electropop, Art Pop, Pop Rap, Alternative R&B",74,80,52 minutes,8,Street Lights,3:09,,91,2857,2008-11-24,2008,808s & Heartbreak,2008.0,introspection,"life passing, melancholy"
808s & Heartbreak,Kanye West,"Def Jam, Roc-A-Fella","Synthpop, Electropop, Art Pop, Pop Rap, Alternative R&B",74,80,52 minutes,9,Bad News,3:58,,78,2706,2008-11-24,2008,808s & Heartbreak,2008.0,heartbreak,"shock, fear"
808s & Heartbreak,Kanye West,"Def Jam, Roc-A-Fella","Synthpop, Electropop, Art Pop, Pop Rap, Alternative R&B",74,80,52 minutes,10,See You in My Nightmares,4:18,Lil Wayne,73,2728,2008-11-24,2008,808s & Heartbreak,2008.0,anger,rejection
808s & Heartbreak,Kanye West,"Def Jam, Roc-A-Fella","Synthpop, Electropop, Art Pop, Pop Rap, Alternative R&B",74,80,52 minutes,11,Coldest Winter,2:44,,86,2779,2008-11-24,2008,808s & Heartbreak,2008.0,grief,loss
808s & Heartbreak,Kanye West,"Def Jam, Roc-A-Fella","Synthpop, Electropop, Art Pop, Pop Rap, Alternative R&B",74,80,52 minutes,12,Pinocchio Story (Freestyle Live From Singapore),6:01,,74,2431,2008-11-24,2008,,,,
My Beautiful Dark Twisted Fantasy,Kanye West,"Def Jam, Roc-A-Fella","Pop Rap, Hip Hop, Art Pop, Experimental Hip Hop",91,89,"1 hour, 8 minutes",1,Dark Fantasy,4:40,,94,6230,2010-11-22,2010,MBDTF,2010.0,ego,"fame, surrealism"
My Beautiful Dark Twisted Fantasy,Kanye West,"Def Jam, Roc-A-Fella","Pop Rap, Hip Hop, Art Pop, Experimental Hip Hop",91,89,"1 hour, 8 minutes",2,Gorgeous,5:57,"Kid Cudi, Raekwon",91,6117,2010-11-22,2010,MBDTF,2010.0,social,"race, frustration"
My Beautiful Dark Twisted Fantasy,Kanye West,"Def Jam, Roc-A-Fella","Pop Rap, Hip Hop, Art Pop, Experimental Hip Hop",91,89,"1 hour, 8 minutes",3,POWER,4:52,,96,6302,2010-11-22,2010,MBDTF,2010.0,ego,self-destruction
My Beautiful Dark Twisted Fantasy,Kanye West,"Def Jam, Roc-A-Fella","Pop Rap, Hip Hop, Art Pop, Experimental Hip Hop",91,89,"1 hour, 8 minutes",4,All of the Lights (Interlude),1:02,,87,4226,2010-11-22,2010,,,,
My Beautiful Dark Twisted Fantasy,Kanye West,"Def Jam, Roc-A-Fella","Pop Rap, Hip Hop, Art Pop, Experimental Hip Hop",91,89,"1 hour, 8 minutes",5,All of the Lights,4:59,,93,6225,2010-11-22,2010,MBDTF,2010.0,social,"abuse, chaos"
My Beautiful Dark Twisted Fantasy,Kanye West,"Def Jam, Roc-A-Fella","Pop Rap, Hip Hop, Art Pop, Experimental Hip Hop",91,89,"1 hour, 8 minutes",6,Monster,6:18,"JAY-Z, Rick Ross, Nicki Minaj, Bon Iver",89,6091,2010-11-22,2010,MBDTF,2010.0,ego,"fame, duality"
My Beautiful Dark Twisted Fantasy,Kanye West,"Def Jam, Roc-A-Fella","Pop Rap, Hip Hop, Art Pop, Experimental Hip Hop",91,89,"1 hour, 8 minutes",7,So Appalled,6:38,"JAY-Z, Pusha T, Prince Cy Hi, Swizz Beatz, The RZA",88,5964,2010-11-22,2010,MBDTF,2010.0,industry,"fame, decadence"
My Beautiful Dark Twisted Fantasy,Kanye West,"Def Jam, Roc-A-Fella","Pop Rap, Hip Hop, Art Pop, Experimental Hip Hop",91,89,"1 hour, 8 minutes",8,Devil in a New Dress,5:52,Rick Ross,96,6309,2010-11-22,2010,MBDTF,2010.0,romance,"temptation, betrayal"
My Beautiful Dark Twisted Fantasy,Kanye West,"Def Jam, Roc-A-Fella","Pop Rap, Hip Hop, Art Pop, Experimental Hip Hop",91,89,"1 hour, 8 minutes",9,Runaway,9:08,Pusha T,97,6440,2010-11-22,2010,MBDTF,2010.0,introspection,"regret, toxicity"
My Beautiful Dark Twisted Fantasy,Kanye West,"Def Jam, Roc-A-Fella","Pop Rap, Hip Hop, Art Pop, Experimental Hip Hop",91,89,"1 hour, 8 minutes",10,Hell of a Life,5:27,,86,5957,2010-11-22,2010,,,,
My Beautiful Dark Twisted Fantasy,Kanye West,"Def Jam, Roc-A-Fella","Pop Rap, Hip Hop, Art Pop, Experimental Hip Hop",91,89,"1 hour, 8 minutes",11,Blame Game,7:49,John Legend,79,5925,2010-11-22,2010,MBDTF,2010.0,relationships,"fights, breakup"
My Beautiful Dark Twisted Fantasy,Kanye West,"Def Jam, Roc-A-Fella","Pop Rap, Hip Hop, Art Pop, Experimental Hip Hop",91,89,"1 hour, 8 minutes",12,Lost in the World,4:16,Bon Iver,89,5923,2010-11-22,2010,MBDTF,2010.0,identity,"love, confusion"
My Beautiful Dark Twisted Fantasy,Kanye West,"Def Jam, Roc-A-Fella","Pop Rap, Hip Hop, Art Pop, Experimental Hip Hop",91,89,"1 hour, 8 minutes",13,Who Will Survive in America,1:38,,80,4123,2010-11-22,2010,,,,
Watch the Throne,JAY-Z,Roc-A-Fella,"Pop Rap, Chipmunk Soul, Hardcore Hip Hop, Alternative R&B",74,71,46 minutes,1,No Church in the Wild,4:32,"Frank Ocean, The-Dream",91,1738,2011-08-08,2011,Watch the Throne,2011.0,philosophy,"morality, rebellion"
Watch the Throne,JAY-Z,Roc-A-Fella,"Pop Rap, Chipmunk Soul, Hardcore Hip Hop, Alternative R&B",74,71,46 minutes,2,Lift Off,4:26,Beyonc√©,75,1581,2011-08-08,2011,Watch the Throne,2011.0,ambition,success
Watch the Throne,JAY-Z,Roc-A-Fella,"Pop Rap, Chipmunk Soul, Hardcore Hip Hop, Alternative R&B",74,71,46 minutes,3,Niggas in Paris,3:39,,92,1781,2011-08-08,2011,Watch the Throne,2011.0,celebration,"luxury, ego"
Watch the Throne,JAY-Z,Roc-A-Fella,"Pop Rap, Chipmunk Soul, Hardcore Hip Hop, Alternative R&B",74,71,46 minutes,4,Otis,2:58,Otis Redding,90,1729,2011-08-08,2011,Watch the Throne,2011.0,ego,rap excellence
Watch the Throne,JAY-Z,Roc-A-Fella,"Pop Rap, Chipmunk Soul, Hardcore Hip Hop, Alternative R&B",74,71,46 minutes,5,Gotta Have It,2:20,,77,1532,2011-08-08,2011,Watch the Throne,2011.0,ambition,success
Watch the Throne,JAY-Z,Roc-A-Fella,"Pop Rap, Chipmunk Soul, Hardcore Hip Hop, Alternative R&B",74,71,46 minutes,6,New Day,4:32,,77,1524,2011-08-08,2011,Watch the Throne,2011.0,family,"fatherhood, legacy"
Watch the Throne,JAY-Z,Roc-A-Fella,"Pop Rap, Chipmunk Soul, Hardcore Hip Hop, Alternative R&B",74,71,46 minutes,7,That's My Bitch,3:22,,74,1524,2011-08-08,2011,Watch the Throne,2011.0,race,beauty standards
Watch the Throne,JAY-Z,Roc-A-Fella,"Pop Rap, Chipmunk Soul, Hardcore Hip Hop, Alternative R&B",74,71,46 minutes,8,Welcome to the Jungle,2:54,,65,1497,2011-08-08,2011,Watch the Throne,2011.0,trauma,"stress, chaos"
Watch the Throne,JAY-Z,Roc-A-Fella,"Pop Rap, Chipmunk Soul, Hardcore Hip Hop, Alternative R&B",74,71,46 minutes,9,Who Gon Stop Me,4:16,,63,1509,2011-08-08,2011,Watch the Throne,2011.0,ego,fearlessness
Watch the Throne,JAY-Z,Roc-A-Fella,"Pop Rap, Chipmunk Soul, Hardcore Hip Hop, Alternative R&B",74,71,46 minutes,10,Murder to Excellence,5:00,,80,1518,2011-08-08,2011,Watch the Throne,2011.0,social,"violence, race"
Watch the Throne,JAY-Z,Roc-A-Fella,"Pop Rap, Chipmunk Soul, Hardcore Hip Hop, Alternative R&B",74,71,46 minutes,11,Made in America,4:52,Frank Ocean,73,1502,2011-08-08,2011,Watch the Throne,2011.0,religion,gratitude
Watch the Throne,JAY-Z,Roc-A-Fella,"Pop Rap, Chipmunk Soul, Hardcore Hip Hop, Alternative R&B",74,71,46 minutes,12,Why I Love You,3:19,Mr Hudson,78,1521,2011-08-08,2011,Watch the Throne,2011.0,relationships,betrayal
Yeezus,Kanye West,Def Jam,"Industrial Hip Hop, Experimental Hip Hop, Electro-Industrial, Hardcore Hip Hop",83,84,40 minutes,1,On Sight,2:36,,90,4677,2013-06-18,2013,Yeezus,2013.0,chaos,"shock, industrial"
Yeezus,Kanye West,Def Jam,"Industrial Hip Hop, Experimental Hip Hop, Electro-Industrial, Hardcore Hip Hop",83,84,40 minutes,2,Black Skinhead,3:08,,93,4619,2013-06-18,2013,Yeezus,2013.0,social,"race, rage"
Yeezus,Kanye West,Def Jam,"Industrial Hip Hop, Experimental Hip Hop, Electro-Industrial, Hardcore Hip Hop",83,84,40 minutes,3,I Am a God,3:51,,83,4462,2013-06-18,2013,Yeezus,2013.0,ego,"divinity, mania"
Yeezus,Kanye West,Def Jam,"Industrial Hip Hop, Experimental Hip Hop, Electro-Industrial, Hardcore Hip Hop",83,84,40 minutes,4,New Slaves,4:16,,93,4574,2013-06-18,2013,Yeezus,2013.0,politics,"consumerism, racism"
Yeezus,Kanye West,Def Jam,"Industrial Hip Hop, Experimental Hip Hop, Electro-Industrial, Hardcore Hip Hop",83,84,40 minutes,5,Hold My Liquor,5:26,,91,4512,2013-06-18,2013,Yeezus,2013.0,emotion,self-destruction
Yeezus,Kanye West,Def Jam,"Industrial Hip Hop, Experimental Hip Hop, Electro-Industrial, Hardcore Hip Hop",83,84,40 minutes,6,I'm in It,3:54,,80,4358,2013-06-18,2013,,,,
Yeezus,Kanye West,Def Jam,"Industrial Hip Hop, Experimental Hip Hop, Electro-Industrial, Hardcore Hip Hop",83,84,40 minutes,7,Blood on the Leaves,6:00,,89,4503,2013-06-18,2013,Yeezus,2013.0,social,"race, tragedy"
Yeezus,Kanye West,Def Jam,"Industrial Hip Hop, Experimental Hip Hop, Electro-Industrial, Hardcore Hip Hop",83,84,40 minutes,8,Guilt Trip,4:03,,84,4362,2013-06-18,2013,Yeezus,2013.0,emotion,"regret, heartbreak"
Yeezus,Kanye West,Def Jam,"Industrial Hip Hop, Experimental Hip Hop, Electro-Industrial, Hardcore Hip Hop",83,84,40 minutes,9,Send It Up,2:58,,76,4299,2013-06-18,2013,Yeezus,2013.0,nightlife,chaos
Yeezus,Kanye West,Def Jam,"Industrial Hip Hop, Experimental Hip Hop, Electro-Industrial, Hardcore Hip Hop",83,84,40 minutes,10,Bound 2,3:49,,94,4647,2013-06-18,2013,Yeezus,2013.0,love,"nostalgia, family"
The Life of Pablo,Kanye West,"G.O.O.D., Def Jam","Pop Rap, Experimental Hip Hop, Trap, Contemporary R&B, Christian Hip Hop",77,84,"1 hour, 5 minutes",1,Ultralight Beam,5:20,,93,3722,2016-02-14,2016,The Life of Pablo,2016.0,religion,"salvation, hope"
The Life of Pablo,Kanye West,"G.O.O.D., Def Jam","Pop Rap, Experimental Hip Hop, Trap, Contemporary R&B, Christian Hip Hop",77,84,"1 hour, 5 minutes",2,"Father Stretch My Hands, Pt. 1",2:15,,93,3777,2016-02-14,2016,,,,
The Life of Pablo,Kanye West,"G.O.O.D., Def Jam","Pop Rap, Experimental Hip Hop, Trap, Contemporary R&B, Christian Hip Hop",77,84,"1 hour, 5 minutes",3,Pt. 2,2:10,,76,3529,2016-02-14,2016,The Life of Pablo,2016.0,chaos,"youth, trauma"
The Life of Pablo,Kanye West,"G.O.O.D., Def Jam","Pop Rap, Experimental Hip Hop, Trap, Contemporary R&B, Christian Hip Hop",77,84,"1 hour, 5 minutes",4,Famous,3:16,,91,3683,2016-02-14,2016,The Life of Pablo,2016.0,fame,"ego, controversy"
The Life of Pablo,Kanye West,"G.O.O.D., Def Jam","Pop Rap, Experimental Hip Hop, Trap, Contemporary R&B, Christian Hip Hop",77,84,"1 hour, 5 minutes",5,Feedback,2:27,,83,3428,2016-02-14,2016,The Life of Pablo,2016.0,ego,identity
The Life of Pablo,Kanye West,"G.O.O.D., Def Jam","Pop Rap, Experimental Hip Hop, Trap, Contemporary R&B, Christian Hip Hop",77,84,"1 hour, 5 minutes",6,Low Lights,2:11,,71,2515,2016-02-14,2016,The Life of Pablo,2016.0,religion,testimony
The Life of Pablo,Kanye West,"G.O.O.D., Def Jam","Pop Rap, Experimental Hip Hop, Trap, Contemporary R&B, Christian Hip Hop",77,84,"1 hour, 5 minutes",7,Highlights,3:19,,79,3351,2016-02-14,2016,The Life of Pablo,2016.0,celebration,ego
The Life of Pablo,Kanye West,"G.O.O.D., Def Jam","Pop Rap, Experimental Hip Hop, Trap, Contemporary R&B, Christian Hip Hop",77,84,"1 hour, 5 minutes",8,Freestyle 4,2:03,,73,3303,2016-02-14,2016,The Life of Pablo,2016.0,chaos,dark sexuality
The Life of Pablo,Kanye West,"G.O.O.D., Def Jam","Pop Rap, Experimental Hip Hop, Trap, Contemporary R&B, Christian Hip Hop",77,84,"1 hour, 5 minutes",9,I Love Kanye,0:44,,84,2557,2016-02-14,2016,The Life of Pablo,2016.0,meta,self-parody
The Life of Pablo,Kanye West,"G.O.O.D., Def Jam","Pop Rap, Experimental Hip Hop, Trap, Contemporary R&B, Christian Hip Hop",77,84,"1 hour, 5 minutes",10,Waves,3:01,,90,3522,2016-02-14,2016,The Life of Pablo,2016.0,emotion,renewal
The Life of Pablo,Kanye West,"G.O.O.D., Def Jam","Pop Rap, Experimental Hip Hop, Trap, Contemporary R&B, Christian Hip Hop",77,84,"1 hour, 5 minutes",11,FML,3:56,,88,3456,2016-02-14,2016,The Life of Pablo,2016.0,relationships,"fear, vulnerability"
The Life of Pablo,Kanye West,"G.O.O.D., Def Jam","Pop Rap, Experimental Hip Hop, Trap, Contemporary R&B, Christian Hip Hop",77,84,"1 hour, 5 minutes",12,Real Friends,4:11,,89,3441,2016-02-14,2016,The Life of Pablo,2016.0,relationships,"trust, betrayal"
The Life of Pablo,Kanye West,"G.O.O.D., Def Jam","Pop Rap, Experimental Hip Hop, Trap, Contemporary R&B, Christian Hip Hop",77,84,"1 hour, 5 minutes",13,Wolves,5:01,,89,3515,2016-02-14,2016,The Life of Pablo,2016.0,emotion,"fear, insecurity"
The Life of Pablo,Kanye West,"G.O.O.D., Def Jam","Pop Rap, Experimental Hip Hop, Trap, Contemporary R&B, Christian Hip Hop",77,84,"1 hour, 5 minutes",14,Frank's Track,0:38,,80,2263,2016-02-14,2016,The Life of Pablo,2016.0,introspection,emptiness
The Life of Pablo,Kanye West,"G.O.O.D., Def Jam","Pop Rap, Experimental Hip Hop, Trap, Contemporary R&B, Christian Hip Hop",77,84,"1 hour, 5 minutes",15,Siiiiiiiiilver Surffffeeeeer Intermission,0:56,,62,1813,2016-02-14,2016,The Life of Pablo,2016.0,friendship,loyalty
The Life of Pablo,Kanye West,"G.O.O.D., Def Jam","Pop Rap, Experimental Hip Hop, Trap, Contemporary R&B, Christian Hip Hop",77,84,"1 hour, 5 minutes",16,30 Hours,5:23,,88,3464,2016-02-14,2016,The Life of Pablo,2016.0,nostalgia,memory
The Life of Pablo,Kanye West,"G.O.O.D., Def Jam","Pop Rap, Experimental Hip Hop, Trap, Contemporary R&B, Christian Hip Hop",77,84,"1 hour, 5 minutes",17,No More Parties in LA,6:14,,97,3883,2016-02-14,2016,The Life of Pablo,2016.0,social,Hollywood toxicity
The Life of Pablo,Kanye West,"G.O.O.D., Def Jam","Pop Rap, Experimental Hip Hop, Trap, Contemporary R&B, Christian Hip Hop",77,84,"1 hour, 5 minutes",18,Facts (Charlie Heat Version),3:20,,82,3319,2016-02-14,2016,,,,
The Life of Pablo,Kanye West,"G.O.O.D., Def Jam","Pop Rap, Experimental Hip Hop, Trap, Contemporary R&B, Christian Hip Hop",77,84,"1 hour, 5 minutes",19,Fade,3:13,,82,3388,2016-02-14,2016,The Life of Pablo,2016.0,relationships,fear of loss
The Life of Pablo,Kanye West,"G.O.O.D., Def Jam","Pop Rap, Experimental Hip Hop, Trap, Contemporary R&B, Christian Hip Hop",77,84,"1 hour, 5 minutes",20,Saint Pablo,6:12,,97,3814,2016-02-14,2016,,,,
ye,Kanye West,"G.O.O.D., Def Jam","Pop Rap, Contemporary R&B, Neo-Soul, Art Pop, Experimental Hip Hop",65,79,23 minutes,1,I Thought About Killing You,4:34,,83,3729,2018-06-01,2018,Ye,2018.0,mental_health,"dark thoughts, self-awareness"
ye,Kanye West,"G.O.O.D., Def Jam","Pop Rap, Contemporary R&B, Neo-Soul, Art Pop, Experimental Hip Hop",65,79,23 minutes,2,Yikes,3:08,,84,3701,2018-06-01,2018,Ye,2018.0,mental_health,"mania, bipolar"
ye,Kanye West,"G.O.O.D., Def Jam","Pop Rap, Contemporary R&B, Neo-Soul, Art Pop, Experimental Hip Hop",65,79,23 minutes,3,All Mine,2:25,,75,3680,2018-06-01,2018,Ye,2018.0,relationships,"sex, ego"
ye,Kanye West,"G.O.O.D., Def Jam","Pop Rap, Contemporary R&B, Neo-Soul, Art Pop, Experimental Hip Hop",65,79,23 minutes,4,Wouldn't Leave,3:25,PARTYNEXTDOOR,80,3635,2018-06-01,2018,Ye,2018.0,family,"marriage, loyalty"
ye,Kanye West,"G.O.O.D., Def Jam","Pop Rap, Contemporary R&B, Neo-Soul, Art Pop, Experimental Hip Hop",65,79,23 minutes,5,No Mistakes,2:03,,85,3671,2018-06-01,2018,Ye,2018.0,forgiveness,renewal
ye,Kanye West,"G.O.O.D., Def Jam","Pop Rap, Contemporary R&B, Neo-Soul, Art Pop, Experimental Hip Hop",65,79,23 minutes,6,Ghost Town,4:31,PARTYNEXTDOOR,97,4199,2018-06-01,2018,Ye,2018.0,freedom,"pain, release"
ye,Kanye West,"G.O.O.D., Def Jam","Pop Rap, Contemporary R&B, Neo-Soul, Art Pop, Experimental Hip Hop",65,79,23 minutes,7,Violent Crimes,3:35,,94,3917,2018-06-01,2018,Ye,2018.0,family,"fatherhood, fear"
KIDS SEE GHOSTS,KIDS SEE GHOSTS,"Def Jam, G.O.O.D.","Experimental Hip Hop, Pop Rap, Alternative R&B, Neo-Psychedelia, Art Pop",84,87,23 minutes,1,Feel The Love,2:45,Pusha T,91,3969,2018-06-08,2018,,,,
KIDS SEE GHOSTS,KIDS SEE GHOSTS,"Def Jam, G.O.O.D.","Experimental Hip Hop, Pop Rap, Alternative R&B, Neo-Psychedelia, Art Pop",84,87,23 minutes,2,Fire,2:20,,88,3909,2018-06-08,2018,Kids See Ghosts,2018.0,healing,accountability
KIDS SEE GHOSTS,KIDS SEE GHOSTS,"Def Jam, G.O.O.D.","Experimental Hip Hop, Pop Rap, Alternative R&B, Neo-Psychedelia, Art Pop",84,87,23 minutes,3,4th Dimension,2:33,Louis Prima,93,3956,2018-06-08,2018,Kids See Ghosts,2018.0,surrealism,chaos
KIDS SEE GHOSTS,KIDS SEE GHOSTS,"Def Jam, G.O.O.D.","Experimental Hip Hop, Pop Rap, Alternative R&B, Neo-Psychedelia, Art Pop",84,87,23 minutes,4,Freeee (Ghost Town Pt. 2),3:26,Ty Dolla $ign,90,3920,2018-06-08,2018,Kids See Ghosts,2018.0,freedom,mental liberation
KIDS SEE GHOSTS,KIDS SEE GHOSTS,"Def Jam, G.O.O.D.","Experimental Hip Hop, Pop Rap, Alternative R&B, Neo-Psychedelia, Art Pop",84,87,23 minutes,5,Reborn,5:24,,95,4007,2018-06-08,2018,Kids See Ghosts,2018.0,healing,self-growth
KIDS SEE GHOSTS,KIDS SEE GHOSTS,"Def Jam, G.O.O.D.","Experimental Hip Hop, Pop Rap, Alternative R&B, Neo-Psychedelia, Art Pop",84,87,23 minutes,6,Kids See Ghosts,4:05,Yasiin Bey,89,3888,2018-06-08,2018,Kids See Ghosts,2018.0,introspection,"fear, courage"
KIDS SEE GHOSTS,KIDS SEE GHOSTS,"Def Jam, G.O.O.D.","Experimental Hip Hop, Pop Rap, Alternative R&B, Neo-Psychedelia, Art Pop",84,87,23 minutes,7,Cudi Montage,3:17,,92,3906,2018-06-08,2018,Kids See Ghosts,2018.0,redemption,"struggle, faith"
JESUS IS KING,Kanye West,"G.O.O.D., Def Jam","Christian Hip Hop, CCM, Gospel, Pop Rap, Alternative R&B, Urban Contemporary Gospel",54,54,27 minutes,1,Every Hour,1:52,Sunday Service Choir,62,1821,2019-10-25,2019,Jesus Is King,2019.0,religion,"worship, purity"
JESUS IS KING,Kanye West,"G.O.O.D., Def Jam","Christian Hip Hop, CCM, Gospel, Pop Rap, Alternative R&B, Urban Contemporary Gospel",54,54,27 minutes,1,Every Hour,1:52,Sunday Service Choir,62,1821,2019-10-25,2019,Jesus Is King,2019.0,religion,"worship, purity"
JESUS IS KING,Kanye West,"G.O.O.D., Def Jam","Christian Hip Hop, CCM, Gospel, Pop Rap, Alternative R&B, Urban Contemporary Gospel",54,54,27 minutes,2,Selah,2:44,,68,1922,2019-10-25,2019,Jesus Is King,2019.0,religion,"scripture, power"
JESUS IS KING,Kanye West,"G.O.O.D., Def Jam","Christian Hip Hop, CCM, Gospel, Pop Rap, Alternative R&B, Urban Contemporary Gospel",54,54,27 minutes,2,Selah,2:44,,68,1922,2019-10-25,2019,Jesus Is King,2019.0,religion,"scripture, power"
JESUS IS KING,Kanye West,"G.O.O.D., Def Jam","Christian Hip Hop, CCM, Gospel, Pop Rap, Alternative R&B, Urban Contemporary Gospel",54,54,27 minutes,3,Follow God,1:44,,82,2039,2019-10-25,2019,Jesus Is King,2019.0,religion,"obedience, conflict"
JESUS IS KING,Kanye West,"G.O.O.D., Def Jam","Christian Hip Hop, CCM, Gospel, Pop Rap, Alternative R&B, Urban Contemporary Gospel",54,54,27 minutes,3,Follow God,1:44,,82,2039,2019-10-25,2019,Jesus Is King,2019.0,religion,"obedience, conflict"
JESUS IS KING,Kanye West,"G.O.O.D., Def Jam","Christian Hip Hop, CCM, Gospel, Pop Rap, Alternative R&B, Urban Contemporary Gospel",54,54,27 minutes,4,Closed on Sunday,2:31,,56,1932,2019-10-25,2019,Jesus Is King,2019.0,family,"religion, discipline"
JESUS IS KING,Kanye West,"G.O.O.D., Def Jam","Christian Hip Hop, CCM, Gospel, Pop Rap, Alternative R&B, Urban Contemporary Gospel",54,54,27 minutes,4,Closed on Sunday,2:31,,56,1932,2019-10-25,2019,Jesus Is King,2019.0,family,"religion, discipline"
JESUS IS KING,Kanye West,"G.O.O.D., Def Jam","Christian Hip Hop, CCM, Gospel, Pop Rap, Alternative R&B, Urban Contemporary Gospel",54,54,27 minutes,5,On God,2:16,,69,1922,2019-10-25,2019,Jesus Is King,2019.0,religion,"gratitude, testimony"
JESUS IS KING,Kanye West,"G.O.O.D., Def Jam","Christian Hip Hop, CCM, Gospel, Pop Rap, Alternative R&B, Urban Contemporary Gospel",54,54,27 minutes,5,On God,2:16,,69,1922,2019-10-25,2019,Jesus Is King,2019.0,religion,"gratitude, testimony"
JESUS IS KING,Kanye West,"G.O.O.D., Def Jam","Christian Hip Hop, CCM, Gospel, Pop Rap, Alternative R&B, Urban Contemporary Gospel",54,54,27 minutes,6,Everything We Need,1:56,"Ty Dolla $ign, Ant Clemons",64,1887,2019-10-25,2019,Jesus Is King,2019.0,faith,acceptance
JESUS IS KING,Kanye West,"G.O.O.D., Def Jam","Christian Hip Hop, CCM, Gospel, Pop Rap, Alternative R&B, Urban Contemporary Gospel",54,54,27 minutes,6,Everything We Need,1:56,"Ty Dolla $ign, Ant Clemons",64,1887,2019-10-25,2019,Jesus Is King,2019.0,faith,acceptance
JESUS IS KING,Kanye West,"G.O.O.D., Def Jam","Christian Hip Hop, CCM, Gospel, Pop Rap, Alternative R&B, Urban Contemporary Gospel",54,54,27 minutes,7,Water,2:48,Ant Clemons,49,1886,2019-10-25,2019,Jesus Is King,2019.0,purity,renewal
JESUS IS KING,Kanye West,"G.O.O.D., Def Jam","Christian Hip Hop, CCM, Gospel, Pop Rap, Alternative R&B, Urban Contemporary Gospel",54,54,27 minutes,7,Water,2:48,Ant Clemons,49,1886,2019-10-25,2019,Jesus Is King,2019.0,purity,renewal
JESUS IS KING,Kanye West,"G.O.O.D., Def Jam","Christian Hip Hop, CCM, Gospel, Pop Rap, Alternative R&B, Urban Contemporary Gospel",54,54,27 minutes,8,God Is,3:23,,72,1959,2019-10-25,2019,Jesus Is King,2019.0,worship,devotion
JESUS IS KING,Kanye West,"G.O.O.D., Def Jam","Christian Hip Hop, CCM, Gospel, Pop Rap, Alternative R&B, Urban Contemporary Gospel",54,54,27 minutes,8,God Is,3:23,,72,1959,2019-10-25,2019,Jesus Is King,2019.0,worship,devotion
JESUS IS KING,Kanye West,"G.O.O.D., Def Jam","Christian Hip Hop, CCM, Gospel, Pop Rap, Alternative R&B, Urban Contemporary Gospel",54,54,27 minutes,9,Hands On,3:23,Fred Hammond,55,1846,2019-10-25,2019,Jesus Is King,2019.0,religion,"judgment, persecution"
JESUS IS KING,Kanye West,"G.O.O.D., Def Jam","Christian Hip Hop, CCM, Gospel, Pop Rap, Alternative R&B, Urban Contemporary Gospel",54,54,27 minutes,9,Hands On,3:23,Fred Hammond,55,1846,2019-10-25,2019,Jesus Is King,2019.0,religion,"judgment, persecution"
JESUS IS KING,Kanye West,"G.O.O.D., Def Jam","Christian Hip Hop, CCM, Gospel, Pop Rap, Alternative R&B, Urban Contemporary Gospel",54,54,27 minutes,10,Use This Gospel,3:33,"Clipse, Kenny G",70,1917,2019-10-25,2019,Jesus Is King,2019.0,faith,redemption
JESUS IS KING,Kanye West,"G.O.O.D., Def Jam","Christian Hip Hop, CCM, Gospel, Pop Rap, Alternative R&B, Urban Contemporary Gospel",54,54,27 minutes,10,Use This Gospel,3:33,"Clipse, Kenny G",70,1917,2019-10-25,2019,Jesus Is King,2019.0,faith,redemption
JESUS IS KING,Kanye West,"G.O.O.D., Def Jam","Christian Hip Hop, CCM, Gospel, Pop Rap, Alternative R&B, Urban Contemporary Gospel",54,54,27 minutes,11,Jesus Is Lord,0:49,,56,1509,2019-10-25,2019,Jesus Is King,2019.0,religion,praise
JESUS IS KING,Kanye West,"G.O.O.D., Def Jam","Christian Hip Hop, CCM, Gospel, Pop Rap, Alternative R&B, Urban Contemporary Gospel",54,54,27 minutes,11,Jesus Is Lord,0:49,,56,1509,2019-10-25,2019,Jesus Is King,2019.0,religion,praise
Donda,Kanye West,"G.O.O.D., Def Jam","Christian Hip Hop, Experimental Hip Hop, Gospel, Alternative R&B, Trap, Pop Rap",59,72,"1 hour, 48 minutes",1,Donda Chant,0:52,,54,1778,2021-08-29,2021,Donda,2021.0,grief,"mother, memory"
Donda,Kanye West,"G.O.O.D., Def Jam","Christian Hip Hop, Experimental Hip Hop, Gospel, Alternative R&B, Trap, Pop Rap",59,72,"1 hour, 48 minutes",1,Donda Chant,0:52,,54,1778,2021-08-29,2021,Donda,2021.0,grief,"mother, memory"
Donda,Kanye West,"G.O.O.D., Def Jam","Christian Hip Hop, Experimental Hip Hop, Gospel, Alternative R&B, Trap, Pop Rap",59,72,"1 hour, 48 minutes",2,Jail,4:57,,84,2962,2021-08-29,2021,Donda,2021.0,conflict,"freedom, mistakes"
Donda,Kanye West,"G.O.O.D., Def Jam","Christian Hip Hop, Experimental Hip Hop, Gospel, Alternative R&B, Trap, Pop Rap",59,72,"1 hour, 48 minutes",2,Jail,4:57,,84,2962,2021-08-29,2021,Donda,2021.0,conflict,"freedom, mistakes"
Donda,Kanye West,"G.O.O.D., Def Jam","Christian Hip Hop, Experimental Hip Hop, Gospel, Alternative R&B, Trap, Pop Rap",59,72,"1 hour, 48 minutes",3,God Breathed,5:33,,72,2770,2021-08-29,2021,Donda,2021.0,faith,rebirth
Donda,Kanye West,"G.O.O.D., Def Jam","Christian Hip Hop, Experimental Hip Hop, Gospel, Alternative R&B, Trap, Pop Rap",59,72,"1 hour, 48 minutes",3,God Breathed,5:33,,72,2770,2021-08-29,2021,Donda,2021.0,faith,rebirth
Donda,Kanye West,"G.O.O.D., Def Jam","Christian Hip Hop, Experimental Hip Hop, Gospel, Alternative R&B, Trap, Pop Rap",59,72,"1 hour, 48 minutes",4,Off The Grid,5:39,,91,3079,2021-08-29,2021,,,,
Donda,Kanye West,"G.O.O.D., Def Jam","Christian Hip Hop, Experimental Hip Hop, Gospel, Alternative R&B, Trap, Pop Rap",59,72,"1 hour, 48 minutes",5,Hurricane,4:03,,88,3003,2021-08-29,2021,Donda,2021.0,redemption,"struggle, salvation"
Donda,Kanye West,"G.O.O.D., Def Jam","Christian Hip Hop, Experimental Hip Hop, Gospel, Alternative R&B, Trap, Pop Rap",59,72,"1 hour, 48 minutes",5,Hurricane,4:03,,88,3003,2021-08-29,2021,Donda,2021.0,redemption,"struggle, salvation"
Donda,Kanye West,"G.O.O.D., Def Jam","Christian Hip Hop, Experimental Hip Hop, Gospel, Alternative R&B, Trap, Pop Rap",59,72,"1 hour, 48 minutes",6,Praise God,3:46,,83,2896,2021-08-29,2021,Donda,2021.0,religion,testimony
Donda,Kanye West,"G.O.O.D., Def Jam","Christian Hip Hop, Experimental Hip Hop, Gospel, Alternative R&B, Trap, Pop Rap",59,72,"1 hour, 48 minutes",6,Praise God,3:46,,83,2896,2021-08-29,2021,Donda,2021.0,religion,testimony
Donda,Kanye West,"G.O.O.D., Def Jam","Christian Hip Hop, Experimental Hip Hop, Gospel, Alternative R&B, Trap, Pop Rap",59,72,"1 hour, 48 minutes",7,Jonah,3:15,,73,2675,2021-08-29,2021,Donda,2021.0,trauma,abandonment
Donda,Kanye West,"G.O.O.D., Def Jam","Christian Hip Hop, Experimental Hip Hop, Gospel, Alternative R&B, Trap, Pop Rap",59,72,"1 hour, 48 minutes",7,Jonah,3:15,,73,2675,2021-08-29,2021,Donda,2021.0,trauma,abandonment
Donda,Kanye West,"G.O.O.D., Def Jam","Christian Hip Hop, Experimental Hip Hop, Gospel, Alternative R&B, Trap, Pop Rap",59,72,"1 hour, 48 minutes",8,Ok Ok,3:24,,69,2670,2021-08-29,2021,Donda,2021.0,conflict,betrayal
Donda,Kanye West,"G.O.O.D., Def Jam","Christian Hip Hop, Experimental Hip Hop, Gospel, Alternative R&B, Trap, Pop Rap",59,72,"1 hour, 48 minutes",8,Ok Ok,3:24,,69,2670,2021-08-29,2021,Donda,2021.0,conflict,betrayal
Donda,Kanye West,"G.O.O.D., Def Jam","Christian Hip Hop, Experimental Hip Hop, Gospel, Alternative R&B, Trap, Pop Rap",59,72,"1 hour, 48 minutes",9,Junya,2:27,,68,2712,2021-08-29,2021,Donda,2021.0,ego,"fashion, flex"
Donda,Kanye West,"G.O.O.D., Def Jam","Christian Hip Hop, Experimental Hip Hop, Gospel, Alternative R&B, Trap, Pop Rap",59,72,"1 hour, 48 minutes",9,Junya,2:27,,68,2712,2021-08-29,2021,Donda,2021.0,ego,"fashion, flex"
Donda,Kanye West,"G.O.O.D., Def Jam","Christian Hip Hop, Experimental Hip Hop, Gospel, Alternative R&B, Trap, Pop Rap",59,72,"1 hour, 48 minutes",10,Believe What I Say,4:02,,87,2806,2021-08-29,2021,Donda,2021.0,relationships,trust issues
Donda,Kanye West,"G.O.O.D., Def Jam","Christian Hip Hop, Experimental Hip Hop, Gospel, Alternative R&B, Trap, Pop Rap",59,72,"1 hour, 48 minutes",10,Believe What I Say,4:02,,87,2806,2021-08-29,2021,Donda,2021.0,relationships,trust issues
Donda,Kanye West,"G.O.O.D., Def Jam","Christian Hip Hop, Experimental Hip Hop, Gospel, Alternative R&B, Trap, Pop Rap",59,72,"1 hour, 48 minutes",11,24,3:17,,84,2757,2021-08-29,2021,Donda,2021.0,religion,"hope, worship"
Donda,Kanye West,"G.O.O.D., Def Jam","Christian Hip Hop, Experimental Hip Hop, Gospel, Alternative R&B, Trap, Pop Rap",59,72,"1 hour, 48 minutes",11,24,3:17,,84,2757,2021-08-29,2021,Donda,2021.0,religion,"hope, worship"
Donda,Kanye West,"G.O.O.D., Def Jam","Christian Hip Hop, Experimental Hip Hop, Gospel, Alternative R&B, Trap, Pop Rap",59,72,"1 hour, 48 minutes",12,Remote Control,3:18,,72,2691,2021-08-29,2021,Donda,2021.0,ego,power
Donda,Kanye West,"G.O.O.D., Def Jam","Christian Hip Hop, Experimental Hip Hop, Gospel, Alternative R&B, Trap, Pop Rap",59,72,"1 hour, 48 minutes",12,Remote Control,3:18,,72,2691,2021-08-29,2021,Donda,2021.0,ego,power
Donda,Kanye West,"G.O.O.D., Def Jam","Christian Hip Hop, Experimental Hip Hop, Gospel, Alternative R&B, Trap, Pop Rap",59,72,"1 hour, 48 minutes",13,Moon,2:36,,90,2953,2021-08-29,2021,Donda,2021.0,emotion,escape
Donda,Kanye West,"G.O.O.D., Def Jam","Christian Hip Hop, Experimental Hip Hop, Gospel, Alternative R&B, Trap, Pop Rap",59,72,"1 hour, 48 minutes",13,Moon,2:36,,90,2953,2021-08-29,2021,Donda,2021.0,emotion,escape
Donda,Kanye West,"G.O.O.D., Def Jam","Christian Hip Hop, Experimental Hip Hop, Gospel, Alternative R&B, Trap, Pop Rap",59,72,"1 hour, 48 minutes",14,Heaven and Hell,2:25,,84,2732,2021-08-29,2021,Donda,2021.0,religion,judgment
Donda,Kanye West,"G.O.O.D., Def Jam","Christian Hip Hop, Experimental Hip Hop, Gospel, Alternative R&B, Trap, Pop Rap",59,72,"1 hour, 48 minutes",14,Heaven and Hell,2:25,,84,2732,2021-08-29,2021,Donda,2021.0,religion,judgment
Donda,Kanye West,"G.O.O.D., Def Jam","Christian Hip Hop, Experimental Hip Hop, Gospel, Alternative R&B, Trap, Pop Rap",59,72,"1 hour, 48 minutes",15,Donda,2:08,,71,2271,2021-08-29,2021,Donda,2021.0,family,mother
Donda,Kanye West,"G.O.O.D., Def Jam","Christian Hip Hop, Experimental Hip Hop, Gospel, Alternative R&B, Trap, Pop Rap",59,72,"1 hour, 48 minutes",15,Donda,2:08,,71,2271,2021-08-29,2021,Donda,2021.0,family,mother
Donda,Kanye West,"G.O.O.D., Def Jam","Christian Hip Hop, Experimental Hip Hop, Gospel, Alternative R&B, Trap, Pop Rap",59,72,"1 hour, 48 minutes",16,Keep My Spirit Alive,3:41,,79,2626,2021-08-29,2021,Donda,2021.0,faith,struggle
Donda,Kanye West,"G.O.O.D., Def Jam","Christian Hip Hop, Experimental Hip Hop, Gospel, Alternative R&B, Trap, Pop Rap",59,72,"1 hour, 48 minutes",16,Keep My Spirit Alive,3:41,,79,2626,2021-08-29,2021,Donda,2021.0,faith,struggle
Donda,Kanye West,"G.O.O.D., Def Jam","Christian Hip Hop, Experimental Hip Hop, Gospel, Alternative R&B, Trap, Pop Rap",59,72,"1 hour, 48 minutes",17,Jesus Lord,8:58,,85,2709,2021-08-29,2021,Donda,2021.0,religion,"suffering, redemption"
Donda,Kanye West,"G.O.O.D., Def Jam","Christian Hip Hop, Experimental Hip Hop, Gospel, Alternative R&B, Trap, Pop Rap",59,72,"1 hour, 48 minutes",17,Jesus Lord,8:58,,85,2709,2021-08-29,2021,Donda,2021.0,religion,"suffering, redemption"
Donda,Kanye West,"G.O.O.D., Def Jam","Christian Hip Hop, Experimental Hip Hop, Gospel, Alternative R&B, Trap, Pop Rap",59,72,"1 hour, 48 minutes",18,New Again,3:03,,74,2586,2021-08-29,2021,Donda,2021.0,forgiveness,rebirth
Donda,Kanye West,"G.O.O.D., Def Jam","Christian Hip Hop, Experimental Hip Hop, Gospel, Alternative R&B, Trap, Pop Rap",59,72,"1 hour, 48 minutes",18,New Again,3:03,,74,2586,2021-08-29,2021,Donda,2021.0,forgiveness,rebirth
Donda,Kanye West,"G.O.O.D., Def Jam","Christian Hip Hop, Experimental Hip Hop, Gospel, Alternative R&B, Trap, Pop Rap",59,72,"1 hour, 48 minutes",19,Tell the Vision,1:44,,27,2551,2021-08-29,2021,Donda,2021.0,tribute,Pop Smoke
Donda,Kanye West,"G.O.O.D., Def Jam","Christian Hip Hop, Experimental Hip Hop, Gospel, Alternative R&B, Trap, Pop Rap",59,72,"1 hour, 48 minutes",19,Tell the Vision,1:44,,27,2551,2021-08-29,2021,Donda,2021.0,tribute,Pop Smoke
Donda,Kanye West,"G.O.O.D., Def Jam","Christian Hip Hop, Experimental Hip Hop, Gospel, Alternative R&B, Trap, Pop Rap",59,72,"1 hour, 48 minutes",20,Lord I Need You,2:42,,74,2548,2021-08-29,2021,Donda,2021.0,relationships,"family, forgiveness"
Donda,Kanye West,"G.O.O.D., Def Jam","Christian Hip Hop, Experimental Hip Hop, Gospel, Alternative R&B, Trap, Pop Rap",59,72,"1 hour, 48 minutes",20,Lord I Need You,2:42,,74,2548,2021-08-29,2021,Donda,2021.0,relationships,"family, forgiveness"
Donda,Kanye West,"G.O.O.D., Def Jam","Christian Hip Hop, Experimental Hip Hop, Gospel, Alternative R&B, Trap, Pop Rap",59,72,"1 hour, 48 minutes",21,Pure Souls,5:58,,82,2627,2021-08-29,2021,Donda,2021.0,healing,optimism
Donda,Kanye West,"G.O.O.D., Def Jam","Christian Hip Hop, Experimental Hip Hop, Gospel, Alternative R&B, Trap, Pop Rap",59,72,"1 hour, 48 minutes",21,Pure Souls,5:58,,82,2627,2021-08-29,2021,Donda,2021.0,healing,optimism
Donda,Kanye West,"G.O.O.D., Def Jam","Christian Hip Hop, Experimental Hip Hop, Gospel, Alternative R&B, Trap, Pop Rap",59,72,"1 hour, 48 minutes",22,Come to Life,5:10,,92,2889,2021-08-29,2021,Donda,2021.0,redemption,"emotion, transcendence"
Donda,Kanye West,"G.O.O.D., Def Jam","Christian Hip Hop, Experimental Hip Hop, Gospel, Alternative R&B, Trap, Pop Rap",59,72,"1 hour, 48 minutes",22,Come to Life,5:10,,92,2889,2021-08-29,2021,Donda,2021.0,redemption,"emotion, transcendence"
Donda,Kanye West,"G.O.O.D., Def Jam","Christian Hip Hop, Experimental Hip Hop, Gospel, Alternative R&B, Trap, Pop Rap",59,72,"1 hour, 48 minutes",23,No Child Left Behind,2:58,,84,2675,2021-08-29,2021,Donda,2021.0,faith,spiritual message
Donda,Kanye West,"G.O.O.D., Def Jam","Christian Hip Hop, Experimental Hip Hop, Gospel, Alternative R&B, Trap, Pop Rap",59,72,"1 hour, 48 minutes",23,No Child Left Behind,2:58,,84,2675,2021-08-29,2021,Donda,2021.0,faith,spiritual message
Donda,Kanye West,"G.O.O.D., Def Jam","Christian Hip Hop, Experimental Hip Hop, Gospel, Alternative R&B, Trap, Pop Rap",59,72,"1 hour, 48 minutes",24,Jail pt 2,4:57,,69,1790,2021-08-29,2021,,,,
Donda,Kanye West,"G.O.O.D., Def Jam","Christian Hip Hop, Experimental Hip Hop, Gospel, Alternative R&B, Trap, Pop Rap",59,72,"1 hour, 48 minutes",25,Ok Ok pt 2,3:24,,61,1752,2021-08-29,2021,,,,
Donda,Kanye West,"G.O.O.D., Def Jam","Christian Hip Hop, Experimental Hip Hop, Gospel, Alternative R&B, Trap, Pop Rap",59,72,"1 hour, 48 minutes",26,Junya pt 2,3:02,,64,1768,2021-08-29,2021,,,,
Donda,Kanye West,"G.O.O.D., Def Jam","Christian Hip Hop, Experimental Hip Hop, Gospel, Alternative R&B, Trap, Pop Rap",59,72,"1 hour, 48 minutes",27,Jesus Lord pt 2,11:30,,74,1768,2021-08-29,2021,,,,
Donda 2,Kanye West,No Label,"Trap, Experimental Hip Hop, Pop Rap, Alternative R&B, Contemporary R&B",46,33,47 minutes,1,True Love,2:40,,62,608,2022-02-24,2022,Donda 2,2022.0,family,"divorce, children"
Donda 2,Kanye West,No Label,"Trap, Experimental Hip Hop, Pop Rap, Alternative R&B, Contemporary R&B",46,33,47 minutes,1,True Love,2:40,,62,608,2022-02-24,2022,Donda 2,2022.0,family,"divorce, children"
Donda 2,Kanye West,No Label,"Trap, Experimental Hip Hop, Pop Rap, Alternative R&B, Contemporary R&B",46,33,47 minutes,2,Broken Road,1:40,,55,575,2022-02-24,2022,Donda 2,2022.0,emotion,reflection
Donda 2,Kanye West,No Label,"Trap, Experimental Hip Hop, Pop Rap, Alternative R&B, Contemporary R&B",46,33,47 minutes,2,Broken Road,1:40,,55,575,2022-02-24,2022,Donda 2,2022.0,emotion,reflection
Donda 2,Kanye West,No Label,"Trap, Experimental Hip Hop, Pop Rap, Alternative R&B, Contemporary R&B",46,33,47 minutes,2,Broken Road,1:40,,55,575,2022-02-24,2022,Donda 2,2022.0,emotion,reflection
Donda 2,Kanye West,No Label,"Trap, Experimental Hip Hop, Pop Rap, Alternative R&B, Contemporary R&B",46,33,47 minutes,2,Broken Road,1:40,,55,575,2022-02-24,2022,Donda 2,2022.0,emotion,reflection
Donda 2,Kanye West,No Label,"Trap, Experimental Hip Hop, Pop Rap, Alternative R&B, Contemporary R&B",46,33,47 minutes,3,Get Lost,2:35,,34,571,2022-02-24,2022,Donda 2,2022.0,introspection,emptiness
Donda 2,Kanye West,No Label,"Trap, Experimental Hip Hop, Pop Rap, Alternative R&B, Contemporary R&B",46,33,47 minutes,3,Get Lost,2:35,,34,571,2022-02-24,2022,Donda 2,2022.0,introspection,emptiness
Donda 2,Kanye West,No Label,"Trap, Experimental Hip Hop, Pop Rap, Alternative R&B, Contemporary R&B",46,33,47 minutes,4,Too Easy,2:58,,49,565,2022-02-24,2022,Donda 2,2022.0,ego,success
Donda 2,Kanye West,No Label,"Trap, Experimental Hip Hop, Pop Rap, Alternative R&B, Contemporary R&B",46,33,47 minutes,4,Too Easy,2:58,,49,565,2022-02-24,2022,Donda 2,2022.0,ego,success
Donda 2,Kanye West,No Label,"Trap, Experimental Hip Hop, Pop Rap, Alternative R&B, Contemporary R&B",46,33,47 minutes,5,Flowers,2:51,,53,562,2022-02-24,2022,,,,
Donda 2,Kanye West,No Label,"Trap, Experimental Hip Hop, Pop Rap, Alternative R&B, Contemporary R&B",46,33,47 minutes,6,Security,2:16,,54,571,2022-02-24,2022,Donda 2,2022.0,anger,"paranoia, conflict"
Donda 2,Kanye West,No Label,"Trap, Experimental Hip Hop, Pop Rap, Alternative R&B, Contemporary R&B",46,33,47 minutes,6,Security,2:16,,54,571,2022-02-24,2022,Donda 2,2022.0,anger,"paranoia, conflict"
Donda 2,Kanye West,No Label,"Trap, Experimental Hip Hop, Pop Rap, Alternative R&B, Contemporary R&B",46,33,47 minutes,7,We Did It Kid,2:48,,62,560,2022-02-24,2022,Donda 2,2022.0,celebration,legacy
Donda 2,Kanye West,No Label,"Trap, Experimental Hip Hop, Pop Rap, Alternative R&B, Contemporary R&B",46,33,47 minutes,7,We Did It Kid,2:48,,62,560,2022-02-24,2022,Donda 2,2022.0,celebration,legacy
Donda 2,Kanye West,No Label,"Trap, Experimental Hip Hop, Pop Rap, Alternative R&B, Contemporary R&B",46,33,47 minutes,8,Pablo,2:34,,60,566,2022-02-24,2022,Donda 2,2022.0,identity,chaos
Donda 2,Kanye West,No Label,"Trap, Experimental Hip Hop, Pop Rap, Alternative R&B, Contemporary R&B",46,33,47 minutes,8,Pablo,2:34,,60,566,2022-02-24,2022,Donda 2,2022.0,identity,chaos
Donda 2,Kanye West,No Label,"Trap, Experimental Hip Hop, Pop Rap, Alternative R&B, Contemporary R&B",46,33,47 minutes,9,Louie Bags,3:13,,39,550,2022-02-24,2022,,,,
Donda 2,Kanye West,No Label,"Trap, Experimental Hip Hop, Pop Rap, Alternative R&B, Contemporary R&B",46,33,47 minutes,10,Happy,4:45,,49,542,2022-02-24,2022,,,,
Donda 2,Kanye West,No Label,"Trap, Experimental Hip Hop, Pop Rap, Alternative R&B, Contemporary R&B",46,33,47 minutes,11,Sci Fi,4:00,,47,536,2022-02-24,2022,,,,
Donda 2,Kanye West,No Label,"Trap, Experimental Hip Hop, Pop Rap, Alternative R&B, Contemporary R&B",46,33,47 minutes,12,Selfish,1:39,,44,522,2022-02-24,2022,,,,
Donda 2,Kanye West,No Label,"Trap, Experimental Hip Hop, Pop Rap, Alternative R&B, Contemporary R&B",46,33,47 minutes,13,Lord Lift Me Up,2:09,,46,532,2022-02-24,2022,,,,
Donda 2,Kanye West,No Label,"Trap, Experimental Hip Hop, Pop Rap, Alternative R&B, Contemporary R&B",46,33,47 minutes,14,City of Gods,4:16,,69,572,2022-02-24,2022,,,,
Donda 2,Kanye West,No Label,"Trap, Experimental Hip Hop, Pop Rap, Alternative R&B, Contemporary R&B",46,33,47 minutes,15,First Time in a Long Time,3:04,,50,536,2022-02-24,2022,,,,
Donda 2,Kanye West,No Label,"Trap, Experimental Hip Hop, Pop Rap, Alternative R&B, Contemporary R&B",46,33,47 minutes,16,Eazy,3:54,,56,502,2022-02-24,2022,,,,
VULTURES 1,¬•$,YZY,"Pop Rap, Trap, Alternative R&B, Hip House, Experimental Hip Hop",43,46,55 minutes,1,STARS,1:55,,70,4085,2024-02-10,2024,,,,
VULTURES 1,¬•$,YZY,"Pop Rap, Trap, Alternative R&B, Hip House, Experimental Hip Hop",43,46,55 minutes,2,KEYS TO MY LIFE,2:54,,56,3922,2024-02-10,2024,,,,
VULTURES 1,¬•$,YZY,"Pop Rap, Trap, Alternative R&B, Hip House, Experimental Hip Hop",43,46,55 minutes,3,PAID,3:15,,57,3978,2024-02-10,2024,,,,
VULTURES 1,¬•$,YZY,"Pop Rap, Trap, Alternative R&B, Hip House, Experimental Hip Hop",43,46,55 minutes,4,TALKING,3:05,,56,3967,2024-02-10,2024,,,,
VULTURES 1,¬•$,YZY,"Pop Rap, Trap, Alternative R&B, Hip House, Experimental Hip Hop",43,46,55 minutes,5,BACK TO ME,4:55,,66,4051,2024-02-10,2024,,,,
VULTURES 1,¬•$,YZY,"Pop Rap, Trap, Alternative R&B, Hip House, Experimental Hip Hop",43,46,55 minutes,6,HOODRAT,3:42,,40,4026,2024-02-10,2024,,,,
VULTURES 1,¬•$,YZY,"Pop Rap, Trap, Alternative R&B, Hip House, Experimental Hip Hop",43,46,55 minutes,7,DO IT,3:45,,64,3905,2024-02-10,2024,,,,
VULTURES 1,¬•$,YZY,"Pop Rap, Trap, Alternative R&B, Hip House, Experimental Hip Hop",43,46,55 minutes,8,PAPERWORK,2:25,,53,3886,2024-02-10,2024,,,,
VULTURES 1,¬•$,YZY,"Pop Rap, Trap, Alternative R&B, Hip House, Experimental Hip Hop",43,46,55 minutes,9,BURN,1:51,,81,4198,2024-02-10,2024,,,,
VULTURES 1,¬•$,YZY,"Pop Rap, Trap, Alternative R&B, Hip House, Experimental Hip Hop",43,46,55 minutes,10,FUK SUMN,3:29,,66,3993,2024-02-10,2024,,,,
VULTURES 1,¬•$,YZY,"Pop Rap, Trap, Alternative R&B, Hip House, Experimental Hip Hop",43,46,55 minutes,11,VULTURES,4:36,,45,3978,2024-02-10,2024,,,,
VULTURES 1,¬•$,YZY,"Pop Rap, Trap, Alternative R&B, Hip House, Experimental Hip Hop",43,46,55 minutes,12,CARNIVAL,4:24,,62,4172,2024-02-10,2024,,,,
VULTURES 1,¬•$,YZY,"Pop Rap, Trap, Alternative R&B, Hip House, Experimental Hip Hop",43,46,55 minutes,13,BEG FORGIVENESS,6:09,,57,3851,2024-02-10,2024,,,,
VULTURES 1,¬•$,YZY,"Pop Rap, Trap, Alternative R&B, Hip House, Experimental Hip Hop",43,46,55 minutes,14,GOOD (DON'T DIE),3:19,,65,3451,2024-02-10,2024,,,,
VULTURES 1,¬•$,YZY,"Pop Rap, Trap, Alternative R&B, Hip House, Experimental Hip Hop",43,46,55 minutes,15,PROBLEMATIC,3:14,,59,3837,2024-02-10,2024,,,,
VULTURES 1,¬•$,YZY,"Pop Rap, Trap, Alternative R&B, Hip House, Experimental Hip Hop",43,46,55 minutes,16,KING,2:36,,44,3862,2024-02-10,2024,,,,
VULTURES 2,¬•$,YZY,"Pop Rap, Trap, Alternative R&B",40,28,49 minutes,1,SLIDE,3:18,,65,3171,2024-08-03,2024,,,,
VULTURES 2,¬•$,YZY,"Pop Rap, Trap, Alternative R&B",40,28,49 minutes,2,TIME MOVING SLOW,2:39,,46,3013,2024-08-03,2024,,,,
VULTURES 2,¬•$,YZY,"Pop Rap, Trap, Alternative R&B",40,28,49 minutes,3,FIELD TRIP,2:47,,61,3146,2024-08-03,2024,,,,
VULTURES 2,¬•$,YZY,"Pop Rap, Trap, Alternative R&B",40,28,49 minutes,4,FRIED,2:59,,46,3041,2024-08-03,2024,,,,
VULTURES 2,¬•$,YZY,"Pop Rap, Trap, Alternative R&B",40,28,49 minutes,5,ISABELLA,0:08,,16,1908,2024-08-03,2024,,,,
VULTURES 2,¬•$,YZY,"Pop Rap, Trap, Alternative R&B",40,28,49 minutes,6,PROMOTION,2:38,,55,2981,2024-08-03,2024,,,,
VULTURES 2,¬•$,YZY,"Pop Rap, Trap, Alternative R&B",40,28,49 minutes,7,HUSBAND,2:17,,24,2991,2024-08-03,2024,,,,
VULTURES 2,¬•$,YZY,"Pop Rap, Trap, Alternative R&B",40,28,49 minutes,8,LIFESTYLE,3:23,,40,2912,2024-08-03,2024,,,,
VULTURES 2,¬•$,YZY,"Pop Rap, Trap, Alternative R&B",40,28,49 minutes,9,FOREVER,2:15,,36,2840,2024-08-03,2024,,,,
VULTURES 2,¬•$,YZY,"Pop Rap, Trap, Alternative R&B",40,28,49 minutes,10,BOMB,2:31,,18,3243,2024-08-03,2024,,,,
VULTURES 2,¬•$,YZY,"Pop Rap, Trap, Alternative R&B",40,28,49 minutes,11,RIVER,4:07,,63,3025,2024-08-03,2024,,,,
VULTURES 2,¬•$,YZY,"Pop Rap, Trap, Alternative R&B",40,28,49 minutes,12,530,4:50,,47,3021,2024-08-03,2024,,,,
VULTURES 2,¬•$,YZY,"Pop Rap, Trap, Alternative R&B",40,28,49 minutes,13,DEAD,4:23,,44,2876,2024-08-03,2024,,,,
VULTURES 2,¬•$,YZY,"Pop Rap, Trap, Alternative R&B",40,28,49 minutes,14,FOREVER ROLLING,3:17,,47,2849,2024-08-03,2024,,,,
VULTURES 2,¬•$,YZY,"Pop Rap, Trap, Alternative R&B",40,28,49 minutes,15,SKY CITY,4:22,,35,2947,2024-08-03,2024,,,,
VULTURES 2,¬•$,YZY,"Pop Rap, Trap, Alternative R&B",40,28,49 minutes,16,MY SOUL,3:44,,38,2818,2024-08-03,2024,,,,
