album_title,artist,release_date,labels,genres,critic_score,user_score,album_length,track_number,track_title,track_length,featured_artists,track_rating,track_rating_count,album_url
The College Dropout,Kanye West,"February10,2004/ Release Date","Def Jam, Roc-A-Fella","Chipmunk Soul, Pop Rap, Conscious Hip Hop, Neo-Soul, Spoken Word",81,91,"1 hour, 16 minutes",1,Intro,0:19,,78,1884,https://www.albumoftheyear.org/album/508-kanye-west-the-college-dropout.php
The College Dropout,Kanye West,"February10,2004/ Release Date","Def Jam, Roc-A-Fella","Chipmunk Soul, Pop Rap, Conscious Hip Hop, Neo-Soul, Spoken Word",81,91,"1 hour, 16 minutes",2,We Don't Care,3:59,,93,4522,https://www.albumoftheyear.org/album/508-kanye-west-the-college-dropout.php
The College Dropout,Kanye West,"February10,2004/ Release Date","Def Jam, Roc-A-Fella","Chipmunk Soul, Pop Rap, Conscious Hip Hop, Neo-Soul, Spoken Word",81,91,"1 hour, 16 minutes",3,Graduation Day,1:21,,82,2328,https://www.albumoftheyear.org/album/508-kanye-west-the-college-dropout.php
The College Dropout,Kanye West,"February10,2004/ Release Date","Def Jam, Roc-A-Fella","Chipmunk Soul, Pop Rap, Conscious Hip Hop, Neo-Soul, Spoken Word",81,91,"1 hour, 16 minutes",4,All Falls Down,3:43,Syleena Johnson,96,4622,https://www.albumoftheyear.org/album/508-kanye-west-the-college-dropout.php
The College Dropout,Kanye West,"February10,2004/ Release Date","Def Jam, Roc-A-Fella","Chipmunk Soul, Pop Rap, Conscious Hip Hop, Neo-Soul, Spoken Word",81,91,"1 hour, 16 minutes",5,I'll Fly Away,1:09,,83,2437,https://www.albumoftheyear.org/album/508-kanye-west-the-college-dropout.php
The College Dropout,Kanye West,"February10,2004/ Release Date","Def Jam, Roc-A-Fella","Chipmunk Soul, Pop Rap, Conscious Hip Hop, Neo-Soul, Spoken Word",81,91,"1 hour, 16 minutes",6,Spaceship,5:24,"GLC, Consequence",94,4490,https://www.albumoftheyear.org/album/508-kanye-west-the-college-dropout.php
The College Dropout,Kanye West,"February10,2004/ Release Date","Def Jam, Roc-A-Fella","Chipmunk Soul, Pop Rap, Conscious Hip Hop, Neo-Soul, Spoken Word",81,91,"1 hour, 16 minutes",7,Jesus Walks,3:13,,96,4517,https://www.albumoftheyear.org/album/508-kanye-west-the-college-dropout.php
The College Dropout,Kanye West,"February10,2004/ Release Date","Def Jam, Roc-A-Fella","Chipmunk Soul, Pop Rap, Conscious Hip Hop, Neo-Soul, Spoken Word",81,91,"1 hour, 16 minutes",8,Never Let Me Down,5:24,"JAY-Z, J. Ivy",91,4350,https://www.albumoftheyear.org/album/508-kanye-west-the-college-dropout.php
The College Dropout,Kanye West,"February10,2004/ Release Date","Def Jam, Roc-A-Fella","Chipmunk Soul, Pop Rap, Conscious Hip Hop, Neo-Soul, Spoken Word",81,91,"1 hour, 16 minutes",9,Get Em High,4:49,"Talib Kweli, Common",86,4256,https://www.albumoftheyear.org/album/508-kanye-west-the-college-dropout.php
The College Dropout,Kanye West,"February10,2004/ Release Date","Def Jam, Roc-A-Fella","Chipmunk Soul, Pop Rap, Conscious Hip Hop, Neo-Soul, Spoken Word",81,91,"1 hour, 16 minutes",10,Workout Plan,0:46,,74,1904,https://www.albumoftheyear.org/album/508-kanye-west-the-college-dropout.php
The College Dropout,Kanye West,"February10,2004/ Release Date","Def Jam, Roc-A-Fella","Chipmunk Soul, Pop Rap, Conscious Hip Hop, Neo-Soul, Spoken Word",81,91,"1 hour, 16 minutes",11,The New Workout Plan,5:22,,88,4334,https://www.albumoftheyear.org/album/508-kanye-west-the-college-dropout.php
The College Dropout,Kanye West,"February10,2004/ Release Date","Def Jam, Roc-A-Fella","Chipmunk Soul, Pop Rap, Conscious Hip Hop, Neo-Soul, Spoken Word",81,91,"1 hour, 16 minutes",12,Slow Jamz,5:16,"Twista, Jamie Foxx",94,4407,https://www.albumoftheyear.org/album/508-kanye-west-the-college-dropout.php
The College Dropout,Kanye West,"February10,2004/ Release Date","Def Jam, Roc-A-Fella","Chipmunk Soul, Pop Rap, Conscious Hip Hop, Neo-Soul, Spoken Word",81,91,"1 hour, 16 minutes",13,Breathe In Breathe Out,4:06,Ludacris,83,4205,https://www.albumoftheyear.org/album/508-kanye-west-the-college-dropout.php
The College Dropout,Kanye West,"February10,2004/ Release Date","Def Jam, Roc-A-Fella","Chipmunk Soul, Pop Rap, Conscious Hip Hop, Neo-Soul, Spoken Word",81,91,"1 hour, 16 minutes",14,School Spirit Skit 1,1:18,,78,1834,https://www.albumoftheyear.org/album/508-kanye-west-the-college-dropout.php
The College Dropout,Kanye West,"February10,2004/ Release Date","Def Jam, Roc-A-Fella","Chipmunk Soul, Pop Rap, Conscious Hip Hop, Neo-Soul, Spoken Word",81,91,"1 hour, 16 minutes",15,School Spirit,3:02,,85,4064,https://www.albumoftheyear.org/album/508-kanye-west-the-college-dropout.php
The College Dropout,Kanye West,"February10,2004/ Release Date","Def Jam, Roc-A-Fella","Chipmunk Soul, Pop Rap, Conscious Hip Hop, Neo-Soul, Spoken Word",81,91,"1 hour, 16 minutes",16,School Spirit Skit 2,0:43,,77,1822,https://www.albumoftheyear.org/album/508-kanye-west-the-college-dropout.php
The College Dropout,Kanye West,"February10,2004/ Release Date","Def Jam, Roc-A-Fella","Chipmunk Soul, Pop Rap, Conscious Hip Hop, Neo-Soul, Spoken Word",81,91,"1 hour, 16 minutes",17,Lil Jimmy Skit,0:53,,80,1892,https://www.albumoftheyear.org/album/508-kanye-west-the-college-dropout.php
The College Dropout,Kanye West,"February10,2004/ Release Date","Def Jam, Roc-A-Fella","Chipmunk Soul, Pop Rap, Conscious Hip Hop, Neo-Soul, Spoken Word",81,91,"1 hour, 16 minutes",18,Two Words,4:26,"Mos Def, Freeway, The Boys Choir of Harlem",95,4361,https://www.albumoftheyear.org/album/508-kanye-west-the-college-dropout.php
The College Dropout,Kanye West,"February10,2004/ Release Date","Def Jam, Roc-A-Fella","Chipmunk Soul, Pop Rap, Conscious Hip Hop, Neo-Soul, Spoken Word",81,91,"1 hour, 16 minutes",19,Through the Wire,3:41,,97,4523,https://www.albumoftheyear.org/album/508-kanye-west-the-college-dropout.php
The College Dropout,Kanye West,"February10,2004/ Release Date","Def Jam, Roc-A-Fella","Chipmunk Soul, Pop Rap, Conscious Hip Hop, Neo-Soul, Spoken Word",81,91,"1 hour, 16 minutes",20,Family Business,4:38,,96,4415,https://www.albumoftheyear.org/album/508-kanye-west-the-college-dropout.php
The College Dropout,Kanye West,"February10,2004/ Release Date","Def Jam, Roc-A-Fella","Chipmunk Soul, Pop Rap, Conscious Hip Hop, Neo-Soul, Spoken Word",81,91,"1 hour, 16 minutes",21,Last Call,12:40,,94,4254,https://www.albumoftheyear.org/album/508-kanye-west-the-college-dropout.php
Late Registration,Kanye West,"August30,2005/ Release Date",Roc-A-Fella,"Pop Rap, Conscious Hip Hop, Jazz Rap, Neo-Soul, Chipmunk Soul",84,90,"1 hour, 10 minutes",1,Wake Up Mr. West,0:41,,82,1662,https://www.albumoftheyear.org/album/484-kanye-west-late-registration.php
Late Registration,Kanye West,"August30,2005/ Release Date",Roc-A-Fella,"Pop Rap, Conscious Hip Hop, Jazz Rap, Neo-Soul, Chipmunk Soul",84,90,"1 hour, 10 minutes",2,Heard 'Em Say,3:23,Adam Levine,94,3658,https://www.albumoftheyear.org/album/484-kanye-west-late-registration.php
Late Registration,Kanye West,"August30,2005/ Release Date",Roc-A-Fella,"Pop Rap, Conscious Hip Hop, Jazz Rap, Neo-Soul, Chipmunk Soul",84,90,"1 hour, 10 minutes",3,Touch the Sky,3:56,Lupe Fiasco,97,3763,https://www.albumoftheyear.org/album/484-kanye-west-late-registration.php
Late Registration,Kanye West,"August30,2005/ Release Date",Roc-A-Fella,"Pop Rap, Conscious Hip Hop, Jazz Rap, Neo-Soul, Chipmunk Soul",84,90,"1 hour, 10 minutes",4,Gold Digger,3:27,Jamie Foxx,91,3651,https://www.albumoftheyear.org/album/484-kanye-west-late-registration.php
Late Registration,Kanye West,"August30,2005/ Release Date",Roc-A-Fella,"Pop Rap, Conscious Hip Hop, Jazz Rap, Neo-Soul, Chipmunk Soul",84,90,"1 hour, 10 minutes",5,Skit #1,0:33,,78,1442,https://www.albumoftheyear.org/album/484-kanye-west-late-registration.php
Late Registration,Kanye West,"August30,2005/ Release Date",Roc-A-Fella,"Pop Rap, Conscious Hip Hop, Jazz Rap, Neo-Soul, Chipmunk Soul",84,90,"1 hour, 10 minutes",6,Drive Slow,4:32,"Paul Wall, GLC",90,3513,https://www.albumoftheyear.org/album/484-kanye-west-late-registration.php
Late Registration,Kanye West,"August30,2005/ Release Date",Roc-A-Fella,"Pop Rap, Conscious Hip Hop, Jazz Rap, Neo-Soul, Chipmunk Soul",84,90,"1 hour, 10 minutes",7,My Way Home,1:43,Common,86,3209,https://www.albumoftheyear.org/album/484-kanye-west-late-registration.php
Late Registration,Kanye West,"August30,2005/ Release Date",Roc-A-Fella,"Pop Rap, Conscious Hip Hop, Jazz Rap, Neo-Soul, Chipmunk Soul",84,90,"1 hour, 10 minutes",8,Crack Music,4:30,The Game,86,3434,https://www.albumoftheyear.org/album/484-kanye-west-late-registration.php
Late Registration,Kanye West,"August30,2005/ Release Date",Roc-A-Fella,"Pop Rap, Conscious Hip Hop, Jazz Rap, Neo-Soul, Chipmunk Soul",84,90,"1 hour, 10 minutes",9,Roses,4:05,,95,3585,https://www.albumoftheyear.org/album/484-kanye-west-late-registration.php
Late Registration,Kanye West,"August30,2005/ Release Date",Roc-A-Fella,"Pop Rap, Conscious Hip Hop, Jazz Rap, Neo-Soul, Chipmunk Soul",84,90,"1 hour, 10 minutes",10,Bring Me Down,3:18,Brandy,88,3360,https://www.albumoftheyear.org/album/484-kanye-west-late-registration.php
Late Registration,Kanye West,"August30,2005/ Release Date",Roc-A-Fella,"Pop Rap, Conscious Hip Hop, Jazz Rap, Neo-Soul, Chipmunk Soul",84,90,"1 hour, 10 minutes",11,Addiction,4:27,,87,3399,https://www.albumoftheyear.org/album/484-kanye-west-late-registration.php
Late Registration,Kanye West,"August30,2005/ Release Date",Roc-A-Fella,"Pop Rap, Conscious Hip Hop, Jazz Rap, Neo-Soul, Chipmunk Soul",84,90,"1 hour, 10 minutes",12,Skit #2,0:31,,78,1414,https://www.albumoftheyear.org/album/484-kanye-west-late-registration.php
Late Registration,Kanye West,"August30,2005/ Release Date",Roc-A-Fella,"Pop Rap, Conscious Hip Hop, Jazz Rap, Neo-Soul, Chipmunk Soul",84,90,"1 hour, 10 minutes",13,Diamonds from Sierra Leone (Remix),3:53,JAY-Z,96,3568,https://www.albumoftheyear.org/album/484-kanye-west-late-registration.php
Late Registration,Kanye West,"August30,2005/ Release Date",Roc-A-Fella,"Pop Rap, Conscious Hip Hop, Jazz Rap, Neo-Soul, Chipmunk Soul",84,90,"1 hour, 10 minutes",14,We Major,7:28,"Nas, Really Doe",96,3674,https://www.albumoftheyear.org/album/484-kanye-west-late-registration.php
Late Registration,Kanye West,"August30,2005/ Release Date",Roc-A-Fella,"Pop Rap, Conscious Hip Hop, Jazz Rap, Neo-Soul, Chipmunk Soul",84,90,"1 hour, 10 minutes",15,Skit #3,0:24,,76,1406,https://www.albumoftheyear.org/album/484-kanye-west-late-registration.php
Late Registration,Kanye West,"August30,2005/ Release Date",Roc-A-Fella,"Pop Rap, Conscious Hip Hop, Jazz Rap, Neo-Soul, Chipmunk Soul",84,90,"1 hour, 10 minutes",16,Hey Mama,5:05,,95,3576,https://www.albumoftheyear.org/album/484-kanye-west-late-registration.php
Late Registration,Kanye West,"August30,2005/ Release Date",Roc-A-Fella,"Pop Rap, Conscious Hip Hop, Jazz Rap, Neo-Soul, Chipmunk Soul",84,90,"1 hour, 10 minutes",17,Celebration,3:18,,87,3345,https://www.albumoftheyear.org/album/484-kanye-west-late-registration.php
Late Registration,Kanye West,"August30,2005/ Release Date",Roc-A-Fella,"Pop Rap, Conscious Hip Hop, Jazz Rap, Neo-Soul, Chipmunk Soul",84,90,"1 hour, 10 minutes",18,Skit #4,1:18,,82,1520,https://www.albumoftheyear.org/album/484-kanye-west-late-registration.php
Late Registration,Kanye West,"August30,2005/ Release Date",Roc-A-Fella,"Pop Rap, Conscious Hip Hop, Jazz Rap, Neo-Soul, Chipmunk Soul",84,90,"1 hour, 10 minutes",19,Gone,5:33,"Consequence, Cam'ron",91,3373,https://www.albumoftheyear.org/album/484-kanye-west-late-registration.php
Late Registration,Kanye West,"August30,2005/ Release Date",Roc-A-Fella,"Pop Rap, Conscious Hip Hop, Jazz Rap, Neo-Soul, Chipmunk Soul",84,90,"1 hour, 10 minutes",20,Diamonds from Sierra Leone,3:58,,93,2991,https://www.albumoftheyear.org/album/484-kanye-west-late-registration.php
Late Registration,Kanye West,"August30,2005/ Release Date",Roc-A-Fella,"Pop Rap, Conscious Hip Hop, Jazz Rap, Neo-Soul, Chipmunk Soul",84,90,"1 hour, 10 minutes",21,Late,3:50,,91,3250,https://www.albumoftheyear.org/album/484-kanye-west-late-registration.php
Graduation,Kanye West,"September11,2007/ Release Date",Roc-A-Fella,"Pop Rap, Electropop, Chipmunk Soul, Electro Hop",76,86,51 minutes,1,Good Morning,3:15,,92,4649,https://www.albumoftheyear.org/album/435-kanye-west-graduation.php
Graduation,Kanye West,"September11,2007/ Release Date",Roc-A-Fella,"Pop Rap, Electropop, Chipmunk Soul, Electro Hop",76,86,51 minutes,2,Champion,2:47,,91,4588,https://www.albumoftheyear.org/album/435-kanye-west-graduation.php
Graduation,Kanye West,"September11,2007/ Release Date",Roc-A-Fella,"Pop Rap, Electropop, Chipmunk Soul, Electro Hop",76,86,51 minutes,3,Stronger,5:11,,92,4674,https://www.albumoftheyear.org/album/435-kanye-west-graduation.php
Graduation,Kanye West,"September11,2007/ Release Date",Roc-A-Fella,"Pop Rap, Electropop, Chipmunk Soul, Electro Hop",76,86,51 minutes,4,I Wonder,4:03,,95,4712,https://www.albumoftheyear.org/album/435-kanye-west-graduation.php
Graduation,Kanye West,"September11,2007/ Release Date",Roc-A-Fella,"Pop Rap, Electropop, Chipmunk Soul, Electro Hop",76,86,51 minutes,5,Good Life,3:27,T-Pain,89,4518,https://www.albumoftheyear.org/album/435-kanye-west-graduation.php
Graduation,Kanye West,"September11,2007/ Release Date",Roc-A-Fella,"Pop Rap, Electropop, Chipmunk Soul, Electro Hop",76,86,51 minutes,6,Can't Tell Me Nothing,4:31,,92,4603,https://www.albumoftheyear.org/album/435-kanye-west-graduation.php
Graduation,Kanye West,"September11,2007/ Release Date",Roc-A-Fella,"Pop Rap, Electropop, Chipmunk Soul, Electro Hop",76,86,51 minutes,7,Barry Bonds,3:24,Lil Wayne,74,4434,https://www.albumoftheyear.org/album/435-kanye-west-graduation.php
Graduation,Kanye West,"September11,2007/ Release Date",Roc-A-Fella,"Pop Rap, Electropop, Chipmunk Soul, Electro Hop",76,86,51 minutes,8,Drunk and Hot Girls,5:13,Mos Def,61,4503,https://www.albumoftheyear.org/album/435-kanye-west-graduation.php
Graduation,Kanye West,"September11,2007/ Release Date",Roc-A-Fella,"Pop Rap, Electropop, Chipmunk Soul, Electro Hop",76,86,51 minutes,9,Flashing Lights,3:57,Dwele,95,4701,https://www.albumoftheyear.org/album/435-kanye-west-graduation.php
Graduation,Kanye West,"September11,2007/ Release Date",Roc-A-Fella,"Pop Rap, Electropop, Chipmunk Soul, Electro Hop",76,86,51 minutes,10,Everything I Am,3:47,DJ Premier,91,4519,https://www.albumoftheyear.org/album/435-kanye-west-graduation.php
Graduation,Kanye West,"September11,2007/ Release Date",Roc-A-Fella,"Pop Rap, Electropop, Chipmunk Soul, Electro Hop",76,86,51 minutes,11,The Glory,3:32,,85,4372,https://www.albumoftheyear.org/album/435-kanye-west-graduation.php
Graduation,Kanye West,"September11,2007/ Release Date",Roc-A-Fella,"Pop Rap, Electropop, Chipmunk Soul, Electro Hop",76,86,51 minutes,12,Homecoming,3:23,Chris Martin,93,4587,https://www.albumoftheyear.org/album/435-kanye-west-graduation.php
Graduation,Kanye West,"September11,2007/ Release Date",Roc-A-Fella,"Pop Rap, Electropop, Chipmunk Soul, Electro Hop",76,86,51 minutes,13,Big Brother,4:47,,87,4372,https://www.albumoftheyear.org/album/435-kanye-west-graduation.php
808s & Heartbreak,Kanye West,"November24,2008/ Release Date","Def Jam, Roc-A-Fella","Synthpop, Electropop, Art Pop, Pop Rap, Alternative R&B",74,80,52 minutes,1,Say You Will,6:17,,85,2854,https://www.albumoftheyear.org/album/844-kanye-west-808s-heartbreak.php
808s & Heartbreak,Kanye West,"November24,2008/ Release Date","Def Jam, Roc-A-Fella","Synthpop, Electropop, Art Pop, Pop Rap, Alternative R&B",74,80,52 minutes,2,Welcome to Heartbreak,4:22,Kid Cudi,88,2863,https://www.albumoftheyear.org/album/844-kanye-west-808s-heartbreak.php
808s & Heartbreak,Kanye West,"November24,2008/ Release Date","Def Jam, Roc-A-Fella","Synthpop, Electropop, Art Pop, Pop Rap, Alternative R&B",74,80,52 minutes,3,Heartless,3:31,,93,2983,https://www.albumoftheyear.org/album/844-kanye-west-808s-heartbreak.php
808s & Heartbreak,Kanye West,"November24,2008/ Release Date","Def Jam, Roc-A-Fella","Synthpop, Electropop, Art Pop, Pop Rap, Alternative R&B",74,80,52 minutes,4,Amazing,3:58,Young Jeezy,83,2809,https://www.albumoftheyear.org/album/844-kanye-west-808s-heartbreak.php
808s & Heartbreak,Kanye West,"November24,2008/ Release Date","Def Jam, Roc-A-Fella","Synthpop, Electropop, Art Pop, Pop Rap, Alternative R&B",74,80,52 minutes,5,Love Lockdown,4:30,,88,2837,https://www.albumoftheyear.org/album/844-kanye-west-808s-heartbreak.php
808s & Heartbreak,Kanye West,"November24,2008/ Release Date","Def Jam, Roc-A-Fella","Synthpop, Electropop, Art Pop, Pop Rap, Alternative R&B",74,80,52 minutes,6,Paranoid,4:37,Mr Hudson,91,2877,https://www.albumoftheyear.org/album/844-kanye-west-808s-heartbreak.php
808s & Heartbreak,Kanye West,"November24,2008/ Release Date","Def Jam, Roc-A-Fella","Synthpop, Electropop, Art Pop, Pop Rap, Alternative R&B",74,80,52 minutes,7,RoboCop,4:34,,81,2785,https://www.albumoftheyear.org/album/844-kanye-west-808s-heartbreak.php
808s & Heartbreak,Kanye West,"November24,2008/ Release Date","Def Jam, Roc-A-Fella","Synthpop, Electropop, Art Pop, Pop Rap, Alternative R&B",74,80,52 minutes,8,Street Lights,3:09,,91,2857,https://www.albumoftheyear.org/album/844-kanye-west-808s-heartbreak.php
808s & Heartbreak,Kanye West,"November24,2008/ Release Date","Def Jam, Roc-A-Fella","Synthpop, Electropop, Art Pop, Pop Rap, Alternative R&B",74,80,52 minutes,9,Bad News,3:58,,78,2706,https://www.albumoftheyear.org/album/844-kanye-west-808s-heartbreak.php
808s & Heartbreak,Kanye West,"November24,2008/ Release Date","Def Jam, Roc-A-Fella","Synthpop, Electropop, Art Pop, Pop Rap, Alternative R&B",74,80,52 minutes,10,See You in My Nightmares,4:18,Lil Wayne,73,2728,https://www.albumoftheyear.org/album/844-kanye-west-808s-heartbreak.php
808s & Heartbreak,Kanye West,"November24,2008/ Release Date","Def Jam, Roc-A-Fella","Synthpop, Electropop, Art Pop, Pop Rap, Alternative R&B",74,80,52 minutes,11,Coldest Winter,2:44,,86,2779,https://www.albumoftheyear.org/album/844-kanye-west-808s-heartbreak.php
808s & Heartbreak,Kanye West,"November24,2008/ Release Date","Def Jam, Roc-A-Fella","Synthpop, Electropop, Art Pop, Pop Rap, Alternative R&B",74,80,52 minutes,12,Pinocchio Story (Freestyle Live From Singapore),6:01,,74,2431,https://www.albumoftheyear.org/album/844-kanye-west-808s-heartbreak.php
My Beautiful Dark Twisted Fantasy,Kanye West,"November22,2010/ Release Date","Def Jam, Roc-A-Fella","Pop Rap, Hip Hop, Art Pop, Experimental Hip Hop",91,89,"1 hour, 8 minutes",1,Dark Fantasy,4:40,,94,6230,https://www.albumoftheyear.org/album/1998-kanye-west-my-beautiful-dark-twisted-fantasy.php
My Beautiful Dark Twisted Fantasy,Kanye West,"November22,2010/ Release Date","Def Jam, Roc-A-Fella","Pop Rap, Hip Hop, Art Pop, Experimental Hip Hop",91,89,"1 hour, 8 minutes",2,Gorgeous,5:57,"Kid Cudi, Raekwon",91,6117,https://www.albumoftheyear.org/album/1998-kanye-west-my-beautiful-dark-twisted-fantasy.php
My Beautiful Dark Twisted Fantasy,Kanye West,"November22,2010/ Release Date","Def Jam, Roc-A-Fella","Pop Rap, Hip Hop, Art Pop, Experimental Hip Hop",91,89,"1 hour, 8 minutes",3,POWER,4:52,,96,6302,https://www.albumoftheyear.org/album/1998-kanye-west-my-beautiful-dark-twisted-fantasy.php
My Beautiful Dark Twisted Fantasy,Kanye West,"November22,2010/ Release Date","Def Jam, Roc-A-Fella","Pop Rap, Hip Hop, Art Pop, Experimental Hip Hop",91,89,"1 hour, 8 minutes",4,All of the Lights (Interlude),1:02,,87,4226,https://www.albumoftheyear.org/album/1998-kanye-west-my-beautiful-dark-twisted-fantasy.php
My Beautiful Dark Twisted Fantasy,Kanye West,"November22,2010/ Release Date","Def Jam, Roc-A-Fella","Pop Rap, Hip Hop, Art Pop, Experimental Hip Hop",91,89,"1 hour, 8 minutes",5,All of the Lights,4:59,,93,6225,https://www.albumoftheyear.org/album/1998-kanye-west-my-beautiful-dark-twisted-fantasy.php
My Beautiful Dark Twisted Fantasy,Kanye West,"November22,2010/ Release Date","Def Jam, Roc-A-Fella","Pop Rap, Hip Hop, Art Pop, Experimental Hip Hop",91,89,"1 hour, 8 minutes",6,Monster,6:18,"JAY-Z, Rick Ross, Nicki Minaj, Bon Iver",89,6091,https://www.albumoftheyear.org/album/1998-kanye-west-my-beautiful-dark-twisted-fantasy.php
My Beautiful Dark Twisted Fantasy,Kanye West,"November22,2010/ Release Date","Def Jam, Roc-A-Fella","Pop Rap, Hip Hop, Art Pop, Experimental Hip Hop",91,89,"1 hour, 8 minutes",7,So Appalled,6:38,"JAY-Z, Pusha T, Prince Cy Hi, Swizz Beatz, The RZA",88,5964,https://www.albumoftheyear.org/album/1998-kanye-west-my-beautiful-dark-twisted-fantasy.php
My Beautiful Dark Twisted Fantasy,Kanye West,"November22,2010/ Release Date","Def Jam, Roc-A-Fella","Pop Rap, Hip Hop, Art Pop, Experimental Hip Hop",91,89,"1 hour, 8 minutes",8,Devil in a New Dress,5:52,Rick Ross,96,6309,https://www.albumoftheyear.org/album/1998-kanye-west-my-beautiful-dark-twisted-fantasy.php
My Beautiful Dark Twisted Fantasy,Kanye West,"November22,2010/ Release Date","Def Jam, Roc-A-Fella","Pop Rap, Hip Hop, Art Pop, Experimental Hip Hop",91,89,"1 hour, 8 minutes",9,Runaway,9:08,Pusha T,97,6440,https://www.albumoftheyear.org/album/1998-kanye-west-my-beautiful-dark-twisted-fantasy.php
My Beautiful Dark Twisted Fantasy,Kanye West,"November22,2010/ Release Date","Def Jam, Roc-A-Fella","Pop Rap, Hip Hop, Art Pop, Experimental Hip Hop",91,89,"1 hour, 8 minutes",10,Hell of a Life,5:27,,86,5957,https://www.albumoftheyear.org/album/1998-kanye-west-my-beautiful-dark-twisted-fantasy.php
My Beautiful Dark Twisted Fantasy,Kanye West,"November22,2010/ Release Date","Def Jam, Roc-A-Fella","Pop Rap, Hip Hop, Art Pop, Experimental Hip Hop",91,89,"1 hour, 8 minutes",11,Blame Game,7:49,John Legend,79,5925,https://www.albumoftheyear.org/album/1998-kanye-west-my-beautiful-dark-twisted-fantasy.php
My Beautiful Dark Twisted Fantasy,Kanye West,"November22,2010/ Release Date","Def Jam, Roc-A-Fella","Pop Rap, Hip Hop, Art Pop, Experimental Hip Hop",91,89,"1 hour, 8 minutes",12,Lost in the World,4:16,Bon Iver,89,5923,https://www.albumoftheyear.org/album/1998-kanye-west-my-beautiful-dark-twisted-fantasy.php
My Beautiful Dark Twisted Fantasy,Kanye West,"November22,2010/ Release Date","Def Jam, Roc-A-Fella","Pop Rap, Hip Hop, Art Pop, Experimental Hip Hop",91,89,"1 hour, 8 minutes",13,Who Will Survive in America,1:38,,80,4123,https://www.albumoftheyear.org/album/1998-kanye-west-my-beautiful-dark-twisted-fantasy.php
Watch the Throne,JAY-Z,"August8,2011/ Release Date",Roc-A-Fella,"Pop Rap, Chipmunk Soul, Hardcore Hip Hop, Alternative R&B",74,71,46 minutes,1,No Church in the Wild,4:32,"Frank Ocean, The-Dream",91,1738,https://www.albumoftheyear.org/album/2724-jay-z-kanye-west-watch-the-throne.php
Watch the Throne,JAY-Z,"August8,2011/ Release Date",Roc-A-Fella,"Pop Rap, Chipmunk Soul, Hardcore Hip Hop, Alternative R&B",74,71,46 minutes,2,Lift Off,4:26,Beyoncé,75,1581,https://www.albumoftheyear.org/album/2724-jay-z-kanye-west-watch-the-throne.php
Watch the Throne,JAY-Z,"August8,2011/ Release Date",Roc-A-Fella,"Pop Rap, Chipmunk Soul, Hardcore Hip Hop, Alternative R&B",74,71,46 minutes,3,Niggas in Paris,3:39,,92,1781,https://www.albumoftheyear.org/album/2724-jay-z-kanye-west-watch-the-throne.php
Watch the Throne,JAY-Z,"August8,2011/ Release Date",Roc-A-Fella,"Pop Rap, Chipmunk Soul, Hardcore Hip Hop, Alternative R&B",74,71,46 minutes,4,Otis,2:58,Otis Redding,90,1729,https://www.albumoftheyear.org/album/2724-jay-z-kanye-west-watch-the-throne.php
Watch the Throne,JAY-Z,"August8,2011/ Release Date",Roc-A-Fella,"Pop Rap, Chipmunk Soul, Hardcore Hip Hop, Alternative R&B",74,71,46 minutes,5,Gotta Have It,2:20,,77,1532,https://www.albumoftheyear.org/album/2724-jay-z-kanye-west-watch-the-throne.php
Watch the Throne,JAY-Z,"August8,2011/ Release Date",Roc-A-Fella,"Pop Rap, Chipmunk Soul, Hardcore Hip Hop, Alternative R&B",74,71,46 minutes,6,New Day,4:32,,77,1524,https://www.albumoftheyear.org/album/2724-jay-z-kanye-west-watch-the-throne.php
Watch the Throne,JAY-Z,"August8,2011/ Release Date",Roc-A-Fella,"Pop Rap, Chipmunk Soul, Hardcore Hip Hop, Alternative R&B",74,71,46 minutes,7,That's My Bitch,3:22,,74,1524,https://www.albumoftheyear.org/album/2724-jay-z-kanye-west-watch-the-throne.php
Watch the Throne,JAY-Z,"August8,2011/ Release Date",Roc-A-Fella,"Pop Rap, Chipmunk Soul, Hardcore Hip Hop, Alternative R&B",74,71,46 minutes,8,Welcome to the Jungle,2:54,,65,1497,https://www.albumoftheyear.org/album/2724-jay-z-kanye-west-watch-the-throne.php
Watch the Throne,JAY-Z,"August8,2011/ Release Date",Roc-A-Fella,"Pop Rap, Chipmunk Soul, Hardcore Hip Hop, Alternative R&B",74,71,46 minutes,9,Who Gon Stop Me,4:16,,63,1509,https://www.albumoftheyear.org/album/2724-jay-z-kanye-west-watch-the-throne.php
Watch the Throne,JAY-Z,"August8,2011/ Release Date",Roc-A-Fella,"Pop Rap, Chipmunk Soul, Hardcore Hip Hop, Alternative R&B",74,71,46 minutes,10,Murder to Excellence,5:00,,80,1518,https://www.albumoftheyear.org/album/2724-jay-z-kanye-west-watch-the-throne.php
Watch the Throne,JAY-Z,"August8,2011/ Release Date",Roc-A-Fella,"Pop Rap, Chipmunk Soul, Hardcore Hip Hop, Alternative R&B",74,71,46 minutes,11,Made in America,4:52,Frank Ocean,73,1502,https://www.albumoftheyear.org/album/2724-jay-z-kanye-west-watch-the-throne.php
Watch the Throne,JAY-Z,"August8,2011/ Release Date",Roc-A-Fella,"Pop Rap, Chipmunk Soul, Hardcore Hip Hop, Alternative R&B",74,71,46 minutes,12,Why I Love You,3:19,Mr Hudson,78,1521,https://www.albumoftheyear.org/album/2724-jay-z-kanye-west-watch-the-throne.php
Yeezus,Kanye West,"June18,2013/ Release Date",Def Jam,"Industrial Hip Hop, Experimental Hip Hop, Electro-Industrial, Hardcore Hip Hop",83,84,40 minutes,1,On Sight,2:36,,90,4677,https://www.albumoftheyear.org/album/7215-kanye-west-yeezus.php
Yeezus,Kanye West,"June18,2013/ Release Date",Def Jam,"Industrial Hip Hop, Experimental Hip Hop, Electro-Industrial, Hardcore Hip Hop",83,84,40 minutes,2,Black Skinhead,3:08,,93,4619,https://www.albumoftheyear.org/album/7215-kanye-west-yeezus.php
Yeezus,Kanye West,"June18,2013/ Release Date",Def Jam,"Industrial Hip Hop, Experimental Hip Hop, Electro-Industrial, Hardcore Hip Hop",83,84,40 minutes,3,I Am a God,3:51,,83,4462,https://www.albumoftheyear.org/album/7215-kanye-west-yeezus.php
Yeezus,Kanye West,"June18,2013/ Release Date",Def Jam,"Industrial Hip Hop, Experimental Hip Hop, Electro-Industrial, Hardcore Hip Hop",83,84,40 minutes,4,New Slaves,4:16,,93,4574,https://www.albumoftheyear.org/album/7215-kanye-west-yeezus.php
Yeezus,Kanye West,"June18,2013/ Release Date",Def Jam,"Industrial Hip Hop, Experimental Hip Hop, Electro-Industrial, Hardcore Hip Hop",83,84,40 minutes,5,Hold My Liquor,5:26,,91,4512,https://www.albumoftheyear.org/album/7215-kanye-west-yeezus.php
Yeezus,Kanye West,"June18,2013/ Release Date",Def Jam,"Industrial Hip Hop, Experimental Hip Hop, Electro-Industrial, Hardcore Hip Hop",83,84,40 minutes,6,I'm in It,3:54,,80,4358,https://www.albumoftheyear.org/album/7215-kanye-west-yeezus.php
Yeezus,Kanye West,"June18,2013/ Release Date",Def Jam,"Industrial Hip Hop, Experimental Hip Hop, Electro-Industrial, Hardcore Hip Hop",83,84,40 minutes,7,Blood on the Leaves,6:00,,89,4503,https://www.albumoftheyear.org/album/7215-kanye-west-yeezus.php
Yeezus,Kanye West,"June18,2013/ Release Date",Def Jam,"Industrial Hip Hop, Experimental Hip Hop, Electro-Industrial, Hardcore Hip Hop",83,84,40 minutes,8,Guilt Trip,4:03,,84,4362,https://www.albumoftheyear.org/album/7215-kanye-west-yeezus.php
Yeezus,Kanye West,"June18,2013/ Release Date",Def Jam,"Industrial Hip Hop, Experimental Hip Hop, Electro-Industrial, Hardcore Hip Hop",83,84,40 minutes,9,Send It Up,2:58,,76,4299,https://www.albumoftheyear.org/album/7215-kanye-west-yeezus.php
Yeezus,Kanye West,"June18,2013/ Release Date",Def Jam,"Industrial Hip Hop, Experimental Hip Hop, Electro-Industrial, Hardcore Hip Hop",83,84,40 minutes,10,Bound 2,3:49,,94,4647,https://www.albumoftheyear.org/album/7215-kanye-west-yeezus.php
The Life of Pablo,Kanye West,"February14,2016/ Release Date","G.O.O.D., Def Jam","Pop Rap, Experimental Hip Hop, Trap, Contemporary R&B, Christian Hip Hop",77,84,"1 hour, 5 minutes",1,Ultralight Beam,5:20,,93,3722,https://www.albumoftheyear.org/album/48146-kanye-west-the-life-of-pablo.php
The Life of Pablo,Kanye West,"February14,2016/ Release Date","G.O.O.D., Def Jam","Pop Rap, Experimental Hip Hop, Trap, Contemporary R&B, Christian Hip Hop",77,84,"1 hour, 5 minutes",2,"Father Stretch My Hands, Pt. 1",2:15,,93,3777,https://www.albumoftheyear.org/album/48146-kanye-west-the-life-of-pablo.php
The Life of Pablo,Kanye West,"February14,2016/ Release Date","G.O.O.D., Def Jam","Pop Rap, Experimental Hip Hop, Trap, Contemporary R&B, Christian Hip Hop",77,84,"1 hour, 5 minutes",3,Pt. 2,2:10,,76,3529,https://www.albumoftheyear.org/album/48146-kanye-west-the-life-of-pablo.php
The Life of Pablo,Kanye West,"February14,2016/ Release Date","G.O.O.D., Def Jam","Pop Rap, Experimental Hip Hop, Trap, Contemporary R&B, Christian Hip Hop",77,84,"1 hour, 5 minutes",4,Famous,3:16,,91,3683,https://www.albumoftheyear.org/album/48146-kanye-west-the-life-of-pablo.php
The Life of Pablo,Kanye West,"February14,2016/ Release Date","G.O.O.D., Def Jam","Pop Rap, Experimental Hip Hop, Trap, Contemporary R&B, Christian Hip Hop",77,84,"1 hour, 5 minutes",5,Feedback,2:27,,83,3428,https://www.albumoftheyear.org/album/48146-kanye-west-the-life-of-pablo.php
The Life of Pablo,Kanye West,"February14,2016/ Release Date","G.O.O.D., Def Jam","Pop Rap, Experimental Hip Hop, Trap, Contemporary R&B, Christian Hip Hop",77,84,"1 hour, 5 minutes",6,Low Lights,2:11,,71,2515,https://www.albumoftheyear.org/album/48146-kanye-west-the-life-of-pablo.php
The Life of Pablo,Kanye West,"February14,2016/ Release Date","G.O.O.D., Def Jam","Pop Rap, Experimental Hip Hop, Trap, Contemporary R&B, Christian Hip Hop",77,84,"1 hour, 5 minutes",7,Highlights,3:19,,79,3351,https://www.albumoftheyear.org/album/48146-kanye-west-the-life-of-pablo.php
The Life of Pablo,Kanye West,"February14,2016/ Release Date","G.O.O.D., Def Jam","Pop Rap, Experimental Hip Hop, Trap, Contemporary R&B, Christian Hip Hop",77,84,"1 hour, 5 minutes",8,Freestyle 4,2:03,,73,3303,https://www.albumoftheyear.org/album/48146-kanye-west-the-life-of-pablo.php
The Life of Pablo,Kanye West,"February14,2016/ Release Date","G.O.O.D., Def Jam","Pop Rap, Experimental Hip Hop, Trap, Contemporary R&B, Christian Hip Hop",77,84,"1 hour, 5 minutes",9,I Love Kanye,0:44,,84,2557,https://www.albumoftheyear.org/album/48146-kanye-west-the-life-of-pablo.php
The Life of Pablo,Kanye West,"February14,2016/ Release Date","G.O.O.D., Def Jam","Pop Rap, Experimental Hip Hop, Trap, Contemporary R&B, Christian Hip Hop",77,84,"1 hour, 5 minutes",10,Waves,3:01,,90,3522,https://www.albumoftheyear.org/album/48146-kanye-west-the-life-of-pablo.php
The Life of Pablo,Kanye West,"February14,2016/ Release Date","G.O.O.D., Def Jam","Pop Rap, Experimental Hip Hop, Trap, Contemporary R&B, Christian Hip Hop",77,84,"1 hour, 5 minutes",11,FML,3:56,,88,3456,https://www.albumoftheyear.org/album/48146-kanye-west-the-life-of-pablo.php
The Life of Pablo,Kanye West,"February14,2016/ Release Date","G.O.O.D., Def Jam","Pop Rap, Experimental Hip Hop, Trap, Contemporary R&B, Christian Hip Hop",77,84,"1 hour, 5 minutes",12,Real Friends,4:11,,89,3441,https://www.albumoftheyear.org/album/48146-kanye-west-the-life-of-pablo.php
The Life of Pablo,Kanye West,"February14,2016/ Release Date","G.O.O.D., Def Jam","Pop Rap, Experimental Hip Hop, Trap, Contemporary R&B, Christian Hip Hop",77,84,"1 hour, 5 minutes",13,Wolves,5:01,,89,3515,https://www.albumoftheyear.org/album/48146-kanye-west-the-life-of-pablo.php
The Life of Pablo,Kanye West,"February14,2016/ Release Date","G.O.O.D., Def Jam","Pop Rap, Experimental Hip Hop, Trap, Contemporary R&B, Christian Hip Hop",77,84,"1 hour, 5 minutes",14,Frank's Track,0:38,,80,2263,https://www.albumoftheyear.org/album/48146-kanye-west-the-life-of-pablo.php
The Life of Pablo,Kanye West,"February14,2016/ Release Date","G.O.O.D., Def Jam","Pop Rap, Experimental Hip Hop, Trap, Contemporary R&B, Christian Hip Hop",77,84,"1 hour, 5 minutes",15,Siiiiiiiiilver Surffffeeeeer Intermission,0:56,,62,1813,https://www.albumoftheyear.org/album/48146-kanye-west-the-life-of-pablo.php
The Life of Pablo,Kanye West,"February14,2016/ Release Date","G.O.O.D., Def Jam","Pop Rap, Experimental Hip Hop, Trap, Contemporary R&B, Christian Hip Hop",77,84,"1 hour, 5 minutes",16,30 Hours,5:23,,88,3464,https://www.albumoftheyear.org/album/48146-kanye-west-the-life-of-pablo.php
The Life of Pablo,Kanye West,"February14,2016/ Release Date","G.O.O.D., Def Jam","Pop Rap, Experimental Hip Hop, Trap, Contemporary R&B, Christian Hip Hop",77,84,"1 hour, 5 minutes",17,No More Parties in LA,6:14,,97,3883,https://www.albumoftheyear.org/album/48146-kanye-west-the-life-of-pablo.php
The Life of Pablo,Kanye West,"February14,2016/ Release Date","G.O.O.D., Def Jam","Pop Rap, Experimental Hip Hop, Trap, Contemporary R&B, Christian Hip Hop",77,84,"1 hour, 5 minutes",18,Facts (Charlie Heat Version),3:20,,82,3319,https://www.albumoftheyear.org/album/48146-kanye-west-the-life-of-pablo.php
The Life of Pablo,Kanye West,"February14,2016/ Release Date","G.O.O.D., Def Jam","Pop Rap, Experimental Hip Hop, Trap, Contemporary R&B, Christian Hip Hop",77,84,"1 hour, 5 minutes",19,Fade,3:13,,82,3388,https://www.albumoftheyear.org/album/48146-kanye-west-the-life-of-pablo.php
The Life of Pablo,Kanye West,"February14,2016/ Release Date","G.O.O.D., Def Jam","Pop Rap, Experimental Hip Hop, Trap, Contemporary R&B, Christian Hip Hop",77,84,"1 hour, 5 minutes",20,Saint Pablo,6:12,,97,3814,https://www.albumoftheyear.org/album/48146-kanye-west-the-life-of-pablo.php
ye,Kanye West,"June1,2018/ Release Date","G.O.O.D., Def Jam","Pop Rap, Contemporary R&B, Neo-Soul, Art Pop, Experimental Hip Hop",65,79,23 minutes,1,I Thought About Killing You,4:34,,83,3729,https://www.albumoftheyear.org/album/112577-kanye-west-ye.php
ye,Kanye West,"June1,2018/ Release Date","G.O.O.D., Def Jam","Pop Rap, Contemporary R&B, Neo-Soul, Art Pop, Experimental Hip Hop",65,79,23 minutes,2,Yikes,3:08,,84,3701,https://www.albumoftheyear.org/album/112577-kanye-west-ye.php
ye,Kanye West,"June1,2018/ Release Date","G.O.O.D., Def Jam","Pop Rap, Contemporary R&B, Neo-Soul, Art Pop, Experimental Hip Hop",65,79,23 minutes,3,All Mine,2:25,,75,3680,https://www.albumoftheyear.org/album/112577-kanye-west-ye.php
ye,Kanye West,"June1,2018/ Release Date","G.O.O.D., Def Jam","Pop Rap, Contemporary R&B, Neo-Soul, Art Pop, Experimental Hip Hop",65,79,23 minutes,4,Wouldn't Leave,3:25,PARTYNEXTDOOR,80,3635,https://www.albumoftheyear.org/album/112577-kanye-west-ye.php
ye,Kanye West,"June1,2018/ Release Date","G.O.O.D., Def Jam","Pop Rap, Contemporary R&B, Neo-Soul, Art Pop, Experimental Hip Hop",65,79,23 minutes,5,No Mistakes,2:03,,85,3671,https://www.albumoftheyear.org/album/112577-kanye-west-ye.php
ye,Kanye West,"June1,2018/ Release Date","G.O.O.D., Def Jam","Pop Rap, Contemporary R&B, Neo-Soul, Art Pop, Experimental Hip Hop",65,79,23 minutes,6,Ghost Town,4:31,PARTYNEXTDOOR,97,4199,https://www.albumoftheyear.org/album/112577-kanye-west-ye.php
ye,Kanye West,"June1,2018/ Release Date","G.O.O.D., Def Jam","Pop Rap, Contemporary R&B, Neo-Soul, Art Pop, Experimental Hip Hop",65,79,23 minutes,7,Violent Crimes,3:35,,94,3917,https://www.albumoftheyear.org/album/112577-kanye-west-ye.php
KIDS SEE GHOSTS,KIDS SEE GHOSTS,"June8,2018/ Release Date","Def Jam, G.O.O.D.","Experimental Hip Hop, Pop Rap, Alternative R&B, Neo-Psychedelia, Art Pop",84,87,23 minutes,1,Feel The Love,2:45,Pusha T,91,3969,https://www.albumoftheyear.org/album/108509-kids-see-ghosts-kids-see-ghosts.php
KIDS SEE GHOSTS,KIDS SEE GHOSTS,"June8,2018/ Release Date","Def Jam, G.O.O.D.","Experimental Hip Hop, Pop Rap, Alternative R&B, Neo-Psychedelia, Art Pop",84,87,23 minutes,2,Fire,2:20,,88,3909,https://www.albumoftheyear.org/album/108509-kids-see-ghosts-kids-see-ghosts.php
KIDS SEE GHOSTS,KIDS SEE GHOSTS,"June8,2018/ Release Date","Def Jam, G.O.O.D.","Experimental Hip Hop, Pop Rap, Alternative R&B, Neo-Psychedelia, Art Pop",84,87,23 minutes,3,4th Dimension,2:33,Louis Prima,93,3956,https://www.albumoftheyear.org/album/108509-kids-see-ghosts-kids-see-ghosts.php
KIDS SEE GHOSTS,KIDS SEE GHOSTS,"June8,2018/ Release Date","Def Jam, G.O.O.D.","Experimental Hip Hop, Pop Rap, Alternative R&B, Neo-Psychedelia, Art Pop",84,87,23 minutes,4,Freeee (Ghost Town Pt. 2),3:26,Ty Dolla $ign,90,3920,https://www.albumoftheyear.org/album/108509-kids-see-ghosts-kids-see-ghosts.php
KIDS SEE GHOSTS,KIDS SEE GHOSTS,"June8,2018/ Release Date","Def Jam, G.O.O.D.","Experimental Hip Hop, Pop Rap, Alternative R&B, Neo-Psychedelia, Art Pop",84,87,23 minutes,5,Reborn,5:24,,95,4007,https://www.albumoftheyear.org/album/108509-kids-see-ghosts-kids-see-ghosts.php
KIDS SEE GHOSTS,KIDS SEE GHOSTS,"June8,2018/ Release Date","Def Jam, G.O.O.D.","Experimental Hip Hop, Pop Rap, Alternative R&B, Neo-Psychedelia, Art Pop",84,87,23 minutes,6,Kids See Ghosts,4:05,Yasiin Bey,89,3888,https://www.albumoftheyear.org/album/108509-kids-see-ghosts-kids-see-ghosts.php
KIDS SEE GHOSTS,KIDS SEE GHOSTS,"June8,2018/ Release Date","Def Jam, G.O.O.D.","Experimental Hip Hop, Pop Rap, Alternative R&B, Neo-Psychedelia, Art Pop",84,87,23 minutes,7,Cudi Montage,3:17,,92,3906,https://www.albumoftheyear.org/album/108509-kids-see-ghosts-kids-see-ghosts.php
JESUS IS KING,Kanye West,"October25,2019/ Release Date","G.O.O.D., Def Jam","Christian Hip Hop, CCM, Gospel, Pop Rap, Alternative R&B, Urban Contemporary Gospel",54,54,27 minutes,1,Every Hour,1:52,Sunday Service Choir,62,1821,https://www.albumoftheyear.org/album/173704-kanye-west-jesus-is-king.php
JESUS IS KING,Kanye West,"October25,2019/ Release Date","G.O.O.D., Def Jam","Christian Hip Hop, CCM, Gospel, Pop Rap, Alternative R&B, Urban Contemporary Gospel",54,54,27 minutes,2,Selah,2:44,,68,1922,https://www.albumoftheyear.org/album/173704-kanye-west-jesus-is-king.php
JESUS IS KING,Kanye West,"October25,2019/ Release Date","G.O.O.D., Def Jam","Christian Hip Hop, CCM, Gospel, Pop Rap, Alternative R&B, Urban Contemporary Gospel",54,54,27 minutes,3,Follow God,1:44,,82,2039,https://www.albumoftheyear.org/album/173704-kanye-west-jesus-is-king.php
JESUS IS KING,Kanye West,"October25,2019/ Release Date","G.O.O.D., Def Jam","Christian Hip Hop, CCM, Gospel, Pop Rap, Alternative R&B, Urban Contemporary Gospel",54,54,27 minutes,4,Closed on Sunday,2:31,,56,1932,https://www.albumoftheyear.org/album/173704-kanye-west-jesus-is-king.php
JESUS IS KING,Kanye West,"October25,2019/ Release Date","G.O.O.D., Def Jam","Christian Hip Hop, CCM, Gospel, Pop Rap, Alternative R&B, Urban Contemporary Gospel",54,54,27 minutes,5,On God,2:16,,69,1922,https://www.albumoftheyear.org/album/173704-kanye-west-jesus-is-king.php
JESUS IS KING,Kanye West,"October25,2019/ Release Date","G.O.O.D., Def Jam","Christian Hip Hop, CCM, Gospel, Pop Rap, Alternative R&B, Urban Contemporary Gospel",54,54,27 minutes,6,Everything We Need,1:56,"Ty Dolla $ign, Ant Clemons",64,1887,https://www.albumoftheyear.org/album/173704-kanye-west-jesus-is-king.php
JESUS IS KING,Kanye West,"October25,2019/ Release Date","G.O.O.D., Def Jam","Christian Hip Hop, CCM, Gospel, Pop Rap, Alternative R&B, Urban Contemporary Gospel",54,54,27 minutes,7,Water,2:48,Ant Clemons,49,1886,https://www.albumoftheyear.org/album/173704-kanye-west-jesus-is-king.php
JESUS IS KING,Kanye West,"October25,2019/ Release Date","G.O.O.D., Def Jam","Christian Hip Hop, CCM, Gospel, Pop Rap, Alternative R&B, Urban Contemporary Gospel",54,54,27 minutes,8,God Is,3:23,,72,1959,https://www.albumoftheyear.org/album/173704-kanye-west-jesus-is-king.php
JESUS IS KING,Kanye West,"October25,2019/ Release Date","G.O.O.D., Def Jam","Christian Hip Hop, CCM, Gospel, Pop Rap, Alternative R&B, Urban Contemporary Gospel",54,54,27 minutes,9,Hands On,3:23,Fred Hammond,55,1846,https://www.albumoftheyear.org/album/173704-kanye-west-jesus-is-king.php
JESUS IS KING,Kanye West,"October25,2019/ Release Date","G.O.O.D., Def Jam","Christian Hip Hop, CCM, Gospel, Pop Rap, Alternative R&B, Urban Contemporary Gospel",54,54,27 minutes,10,Use This Gospel,3:33,"Clipse, Kenny G",70,1917,https://www.albumoftheyear.org/album/173704-kanye-west-jesus-is-king.php
JESUS IS KING,Kanye West,"October25,2019/ Release Date","G.O.O.D., Def Jam","Christian Hip Hop, CCM, Gospel, Pop Rap, Alternative R&B, Urban Contemporary Gospel",54,54,27 minutes,11,Jesus Is Lord,0:49,,56,1509,https://www.albumoftheyear.org/album/173704-kanye-west-jesus-is-king.php
Donda,Kanye West,"August29,2021/ Release Date","G.O.O.D., Def Jam","Christian Hip Hop, Experimental Hip Hop, Gospel, Alternative R&B, Trap, Pop Rap",59,72,"1 hour, 48 minutes",1,Donda Chant,0:52,,54,1778,https://www.albumoftheyear.org/album/262792-kanye-west-donda.php
Donda,Kanye West,"August29,2021/ Release Date","G.O.O.D., Def Jam","Christian Hip Hop, Experimental Hip Hop, Gospel, Alternative R&B, Trap, Pop Rap",59,72,"1 hour, 48 minutes",2,Jail,4:57,,84,2962,https://www.albumoftheyear.org/album/262792-kanye-west-donda.php
Donda,Kanye West,"August29,2021/ Release Date","G.O.O.D., Def Jam","Christian Hip Hop, Experimental Hip Hop, Gospel, Alternative R&B, Trap, Pop Rap",59,72,"1 hour, 48 minutes",3,God Breathed,5:33,,72,2770,https://www.albumoftheyear.org/album/262792-kanye-west-donda.php
Donda,Kanye West,"August29,2021/ Release Date","G.O.O.D., Def Jam","Christian Hip Hop, Experimental Hip Hop, Gospel, Alternative R&B, Trap, Pop Rap",59,72,"1 hour, 48 minutes",4,Off The Grid,5:39,,91,3079,https://www.albumoftheyear.org/album/262792-kanye-west-donda.php
Donda,Kanye West,"August29,2021/ Release Date","G.O.O.D., Def Jam","Christian Hip Hop, Experimental Hip Hop, Gospel, Alternative R&B, Trap, Pop Rap",59,72,"1 hour, 48 minutes",5,Hurricane,4:03,,88,3003,https://www.albumoftheyear.org/album/262792-kanye-west-donda.php
Donda,Kanye West,"August29,2021/ Release Date","G.O.O.D., Def Jam","Christian Hip Hop, Experimental Hip Hop, Gospel, Alternative R&B, Trap, Pop Rap",59,72,"1 hour, 48 minutes",6,Praise God,3:46,,83,2896,https://www.albumoftheyear.org/album/262792-kanye-west-donda.php
Donda,Kanye West,"August29,2021/ Release Date","G.O.O.D., Def Jam","Christian Hip Hop, Experimental Hip Hop, Gospel, Alternative R&B, Trap, Pop Rap",59,72,"1 hour, 48 minutes",7,Jonah,3:15,,73,2675,https://www.albumoftheyear.org/album/262792-kanye-west-donda.php
Donda,Kanye West,"August29,2021/ Release Date","G.O.O.D., Def Jam","Christian Hip Hop, Experimental Hip Hop, Gospel, Alternative R&B, Trap, Pop Rap",59,72,"1 hour, 48 minutes",8,Ok Ok,3:24,,69,2670,https://www.albumoftheyear.org/album/262792-kanye-west-donda.php
Donda,Kanye West,"August29,2021/ Release Date","G.O.O.D., Def Jam","Christian Hip Hop, Experimental Hip Hop, Gospel, Alternative R&B, Trap, Pop Rap",59,72,"1 hour, 48 minutes",9,Junya,2:27,,68,2712,https://www.albumoftheyear.org/album/262792-kanye-west-donda.php
Donda,Kanye West,"August29,2021/ Release Date","G.O.O.D., Def Jam","Christian Hip Hop, Experimental Hip Hop, Gospel, Alternative R&B, Trap, Pop Rap",59,72,"1 hour, 48 minutes",10,Believe What I Say,4:02,,87,2806,https://www.albumoftheyear.org/album/262792-kanye-west-donda.php
Donda,Kanye West,"August29,2021/ Release Date","G.O.O.D., Def Jam","Christian Hip Hop, Experimental Hip Hop, Gospel, Alternative R&B, Trap, Pop Rap",59,72,"1 hour, 48 minutes",11,24,3:17,,84,2757,https://www.albumoftheyear.org/album/262792-kanye-west-donda.php
Donda,Kanye West,"August29,2021/ Release Date","G.O.O.D., Def Jam","Christian Hip Hop, Experimental Hip Hop, Gospel, Alternative R&B, Trap, Pop Rap",59,72,"1 hour, 48 minutes",12,Remote Control,3:18,,72,2691,https://www.albumoftheyear.org/album/262792-kanye-west-donda.php
Donda,Kanye West,"August29,2021/ Release Date","G.O.O.D., Def Jam","Christian Hip Hop, Experimental Hip Hop, Gospel, Alternative R&B, Trap, Pop Rap",59,72,"1 hour, 48 minutes",13,Moon,2:36,,90,2953,https://www.albumoftheyear.org/album/262792-kanye-west-donda.php
Donda,Kanye West,"August29,2021/ Release Date","G.O.O.D., Def Jam","Christian Hip Hop, Experimental Hip Hop, Gospel, Alternative R&B, Trap, Pop Rap",59,72,"1 hour, 48 minutes",14,Heaven and Hell,2:25,,84,2732,https://www.albumoftheyear.org/album/262792-kanye-west-donda.php
Donda,Kanye West,"August29,2021/ Release Date","G.O.O.D., Def Jam","Christian Hip Hop, Experimental Hip Hop, Gospel, Alternative R&B, Trap, Pop Rap",59,72,"1 hour, 48 minutes",15,Donda,2:08,,71,2271,https://www.albumoftheyear.org/album/262792-kanye-west-donda.php
Donda,Kanye West,"August29,2021/ Release Date","G.O.O.D., Def Jam","Christian Hip Hop, Experimental Hip Hop, Gospel, Alternative R&B, Trap, Pop Rap",59,72,"1 hour, 48 minutes",16,Keep My Spirit Alive,3:41,,79,2626,https://www.albumoftheyear.org/album/262792-kanye-west-donda.php
Donda,Kanye West,"August29,2021/ Release Date","G.O.O.D., Def Jam","Christian Hip Hop, Experimental Hip Hop, Gospel, Alternative R&B, Trap, Pop Rap",59,72,"1 hour, 48 minutes",17,Jesus Lord,8:58,,85,2709,https://www.albumoftheyear.org/album/262792-kanye-west-donda.php
Donda,Kanye West,"August29,2021/ Release Date","G.O.O.D., Def Jam","Christian Hip Hop, Experimental Hip Hop, Gospel, Alternative R&B, Trap, Pop Rap",59,72,"1 hour, 48 minutes",18,New Again,3:03,,74,2586,https://www.albumoftheyear.org/album/262792-kanye-west-donda.php
Donda,Kanye West,"August29,2021/ Release Date","G.O.O.D., Def Jam","Christian Hip Hop, Experimental Hip Hop, Gospel, Alternative R&B, Trap, Pop Rap",59,72,"1 hour, 48 minutes",19,Tell the Vision,1:44,,27,2551,https://www.albumoftheyear.org/album/262792-kanye-west-donda.php
Donda,Kanye West,"August29,2021/ Release Date","G.O.O.D., Def Jam","Christian Hip Hop, Experimental Hip Hop, Gospel, Alternative R&B, Trap, Pop Rap",59,72,"1 hour, 48 minutes",20,Lord I Need You,2:42,,74,2548,https://www.albumoftheyear.org/album/262792-kanye-west-donda.php
Donda,Kanye West,"August29,2021/ Release Date","G.O.O.D., Def Jam","Christian Hip Hop, Experimental Hip Hop, Gospel, Alternative R&B, Trap, Pop Rap",59,72,"1 hour, 48 minutes",21,Pure Souls,5:58,,82,2627,https://www.albumoftheyear.org/album/262792-kanye-west-donda.php
Donda,Kanye West,"August29,2021/ Release Date","G.O.O.D., Def Jam","Christian Hip Hop, Experimental Hip Hop, Gospel, Alternative R&B, Trap, Pop Rap",59,72,"1 hour, 48 minutes",22,Come to Life,5:10,,92,2889,https://www.albumoftheyear.org/album/262792-kanye-west-donda.php
Donda,Kanye West,"August29,2021/ Release Date","G.O.O.D., Def Jam","Christian Hip Hop, Experimental Hip Hop, Gospel, Alternative R&B, Trap, Pop Rap",59,72,"1 hour, 48 minutes",23,No Child Left Behind,2:58,,84,2675,https://www.albumoftheyear.org/album/262792-kanye-west-donda.php
Donda,Kanye West,"August29,2021/ Release Date","G.O.O.D., Def Jam","Christian Hip Hop, Experimental Hip Hop, Gospel, Alternative R&B, Trap, Pop Rap",59,72,"1 hour, 48 minutes",24,Jail pt 2,4:57,,69,1790,https://www.albumoftheyear.org/album/262792-kanye-west-donda.php
Donda,Kanye West,"August29,2021/ Release Date","G.O.O.D., Def Jam","Christian Hip Hop, Experimental Hip Hop, Gospel, Alternative R&B, Trap, Pop Rap",59,72,"1 hour, 48 minutes",25,Ok Ok pt 2,3:24,,61,1752,https://www.albumoftheyear.org/album/262792-kanye-west-donda.php
Donda,Kanye West,"August29,2021/ Release Date","G.O.O.D., Def Jam","Christian Hip Hop, Experimental Hip Hop, Gospel, Alternative R&B, Trap, Pop Rap",59,72,"1 hour, 48 minutes",26,Junya pt 2,3:02,,64,1768,https://www.albumoftheyear.org/album/262792-kanye-west-donda.php
Donda,Kanye West,"August29,2021/ Release Date","G.O.O.D., Def Jam","Christian Hip Hop, Experimental Hip Hop, Gospel, Alternative R&B, Trap, Pop Rap",59,72,"1 hour, 48 minutes",27,Jesus Lord pt 2,11:30,,74,1768,https://www.albumoftheyear.org/album/262792-kanye-west-donda.php
Donda 2,Kanye West,"February24,2022/ Release Date",No Label,"Trap, Experimental Hip Hop, Pop Rap, Alternative R&B, Contemporary R&B",46,33,47 minutes,1,True Love,2:40,,62,608,https://www.albumoftheyear.org/album/463133-kanye-west-donda-2.php
Donda 2,Kanye West,"February24,2022/ Release Date",No Label,"Trap, Experimental Hip Hop, Pop Rap, Alternative R&B, Contemporary R&B",46,33,47 minutes,2,Broken Road,1:40,,55,575,https://www.albumoftheyear.org/album/463133-kanye-west-donda-2.php
Donda 2,Kanye West,"February24,2022/ Release Date",No Label,"Trap, Experimental Hip Hop, Pop Rap, Alternative R&B, Contemporary R&B",46,33,47 minutes,3,Get Lost,2:35,,34,571,https://www.albumoftheyear.org/album/463133-kanye-west-donda-2.php
Donda 2,Kanye West,"February24,2022/ Release Date",No Label,"Trap, Experimental Hip Hop, Pop Rap, Alternative R&B, Contemporary R&B",46,33,47 minutes,4,Too Easy,2:58,,49,565,https://www.albumoftheyear.org/album/463133-kanye-west-donda-2.php
Donda 2,Kanye West,"February24,2022/ Release Date",No Label,"Trap, Experimental Hip Hop, Pop Rap, Alternative R&B, Contemporary R&B",46,33,47 minutes,5,Flowers,2:51,,53,562,https://www.albumoftheyear.org/album/463133-kanye-west-donda-2.php
Donda 2,Kanye West,"February24,2022/ Release Date",No Label,"Trap, Experimental Hip Hop, Pop Rap, Alternative R&B, Contemporary R&B",46,33,47 minutes,6,Security,2:16,,54,571,https://www.albumoftheyear.org/album/463133-kanye-west-donda-2.php
Donda 2,Kanye West,"February24,2022/ Release Date",No Label,"Trap, Experimental Hip Hop, Pop Rap, Alternative R&B, Contemporary R&B",46,33,47 minutes,7,We Did It Kid,2:48,,62,560,https://www.albumoftheyear.org/album/463133-kanye-west-donda-2.php
Donda 2,Kanye West,"February24,2022/ Release Date",No Label,"Trap, Experimental Hip Hop, Pop Rap, Alternative R&B, Contemporary R&B",46,33,47 minutes,8,Pablo,2:34,,60,566,https://www.albumoftheyear.org/album/463133-kanye-west-donda-2.php
Donda 2,Kanye West,"February24,2022/ Release Date",No Label,"Trap, Experimental Hip Hop, Pop Rap, Alternative R&B, Contemporary R&B",46,33,47 minutes,9,Louie Bags,3:13,,39,550,https://www.albumoftheyear.org/album/463133-kanye-west-donda-2.php
Donda 2,Kanye West,"February24,2022/ Release Date",No Label,"Trap, Experimental Hip Hop, Pop Rap, Alternative R&B, Contemporary R&B",46,33,47 minutes,10,Happy,4:45,,49,542,https://www.albumoftheyear.org/album/463133-kanye-west-donda-2.php
Donda 2,Kanye West,"February24,2022/ Release Date",No Label,"Trap, Experimental Hip Hop, Pop Rap, Alternative R&B, Contemporary R&B",46,33,47 minutes,11,Sci Fi,4:00,,47,536,https://www.albumoftheyear.org/album/463133-kanye-west-donda-2.php
Donda 2,Kanye West,"February24,2022/ Release Date",No Label,"Trap, Experimental Hip Hop, Pop Rap, Alternative R&B, Contemporary R&B",46,33,47 minutes,12,Selfish,1:39,,44,522,https://www.albumoftheyear.org/album/463133-kanye-west-donda-2.php
Donda 2,Kanye West,"February24,2022/ Release Date",No Label,"Trap, Experimental Hip Hop, Pop Rap, Alternative R&B, Contemporary R&B",46,33,47 minutes,13,Lord Lift Me Up,2:09,,46,532,https://www.albumoftheyear.org/album/463133-kanye-west-donda-2.php
Donda 2,Kanye West,"February24,2022/ Release Date",No Label,"Trap, Experimental Hip Hop, Pop Rap, Alternative R&B, Contemporary R&B",46,33,47 minutes,14,City of Gods,4:16,,69,572,https://www.albumoftheyear.org/album/463133-kanye-west-donda-2.php
Donda 2,Kanye West,"February24,2022/ Release Date",No Label,"Trap, Experimental Hip Hop, Pop Rap, Alternative R&B, Contemporary R&B",46,33,47 minutes,15,First Time in a Long Time,3:04,,50,536,https://www.albumoftheyear.org/album/463133-kanye-west-donda-2.php
Donda 2,Kanye West,"February24,2022/ Release Date",No Label,"Trap, Experimental Hip Hop, Pop Rap, Alternative R&B, Contemporary R&B",46,33,47 minutes,16,Eazy,3:54,,56,502,https://www.albumoftheyear.org/album/463133-kanye-west-donda-2.php
VULTURES 1,¥$,"February10,2024/ Release Date",YZY,"Pop Rap, Trap, Alternative R&B, Hip House, Experimental Hip Hop",43,46,55 minutes,1,STARS,1:55,,70,4085,https://www.albumoftheyear.org/album/770331-ys-vultures-1.php
VULTURES 1,¥$,"February10,2024/ Release Date",YZY,"Pop Rap, Trap, Alternative R&B, Hip House, Experimental Hip Hop",43,46,55 minutes,2,KEYS TO MY LIFE,2:54,,56,3922,https://www.albumoftheyear.org/album/770331-ys-vultures-1.php
VULTURES 1,¥$,"February10,2024/ Release Date",YZY,"Pop Rap, Trap, Alternative R&B, Hip House, Experimental Hip Hop",43,46,55 minutes,3,PAID,3:15,,57,3978,https://www.albumoftheyear.org/album/770331-ys-vultures-1.php
VULTURES 1,¥$,"February10,2024/ Release Date",YZY,"Pop Rap, Trap, Alternative R&B, Hip House, Experimental Hip Hop",43,46,55 minutes,4,TALKING,3:05,,56,3967,https://www.albumoftheyear.org/album/770331-ys-vultures-1.php
VULTURES 1,¥$,"February10,2024/ Release Date",YZY,"Pop Rap, Trap, Alternative R&B, Hip House, Experimental Hip Hop",43,46,55 minutes,5,BACK TO ME,4:55,,66,4051,https://www.albumoftheyear.org/album/770331-ys-vultures-1.php
VULTURES 1,¥$,"February10,2024/ Release Date",YZY,"Pop Rap, Trap, Alternative R&B, Hip House, Experimental Hip Hop",43,46,55 minutes,6,HOODRAT,3:42,,40,4026,https://www.albumoftheyear.org/album/770331-ys-vultures-1.php
VULTURES 1,¥$,"February10,2024/ Release Date",YZY,"Pop Rap, Trap, Alternative R&B, Hip House, Experimental Hip Hop",43,46,55 minutes,7,DO IT,3:45,,64,3905,https://www.albumoftheyear.org/album/770331-ys-vultures-1.php
VULTURES 1,¥$,"February10,2024/ Release Date",YZY,"Pop Rap, Trap, Alternative R&B, Hip House, Experimental Hip Hop",43,46,55 minutes,8,PAPERWORK,2:25,,53,3886,https://www.albumoftheyear.org/album/770331-ys-vultures-1.php
VULTURES 1,¥$,"February10,2024/ Release Date",YZY,"Pop Rap, Trap, Alternative R&B, Hip House, Experimental Hip Hop",43,46,55 minutes,9,BURN,1:51,,81,4198,https://www.albumoftheyear.org/album/770331-ys-vultures-1.php
VULTURES 1,¥$,"February10,2024/ Release Date",YZY,"Pop Rap, Trap, Alternative R&B, Hip House, Experimental Hip Hop",43,46,55 minutes,10,FUK SUMN,3:29,,66,3993,https://www.albumoftheyear.org/album/770331-ys-vultures-1.php
VULTURES 1,¥$,"February10,2024/ Release Date",YZY,"Pop Rap, Trap, Alternative R&B, Hip House, Experimental Hip Hop",43,46,55 minutes,11,VULTURES,4:36,,45,3978,https://www.albumoftheyear.org/album/770331-ys-vultures-1.php
VULTURES 1,¥$,"February10,2024/ Release Date",YZY,"Pop Rap, Trap, Alternative R&B, Hip House, Experimental Hip Hop",43,46,55 minutes,12,CARNIVAL,4:24,,62,4172,https://www.albumoftheyear.org/album/770331-ys-vultures-1.php
VULTURES 1,¥$,"February10,2024/ Release Date",YZY,"Pop Rap, Trap, Alternative R&B, Hip House, Experimental Hip Hop",43,46,55 minutes,13,BEG FORGIVENESS,6:09,,57,3851,https://www.albumoftheyear.org/album/770331-ys-vultures-1.php
VULTURES 1,¥$,"February10,2024/ Release Date",YZY,"Pop Rap, Trap, Alternative R&B, Hip House, Experimental Hip Hop",43,46,55 minutes,14,GOOD (DON'T DIE),3:19,,65,3451,https://www.albumoftheyear.org/album/770331-ys-vultures-1.php
VULTURES 1,¥$,"February10,2024/ Release Date",YZY,"Pop Rap, Trap, Alternative R&B, Hip House, Experimental Hip Hop",43,46,55 minutes,15,PROBLEMATIC,3:14,,59,3837,https://www.albumoftheyear.org/album/770331-ys-vultures-1.php
VULTURES 1,¥$,"February10,2024/ Release Date",YZY,"Pop Rap, Trap, Alternative R&B, Hip House, Experimental Hip Hop",43,46,55 minutes,16,KING,2:36,,44,3862,https://www.albumoftheyear.org/album/770331-ys-vultures-1.php
VULTURES 2,¥$,"August3,2024/ Release Date",YZY,"Pop Rap, Trap, Alternative R&B",40,28,49 minutes,1,SLIDE,3:18,,65,3171,https://www.albumoftheyear.org/album/854855-ys-vultures-2.php
VULTURES 2,¥$,"August3,2024/ Release Date",YZY,"Pop Rap, Trap, Alternative R&B",40,28,49 minutes,2,TIME MOVING SLOW,2:39,,46,3013,https://www.albumoftheyear.org/album/854855-ys-vultures-2.php
VULTURES 2,¥$,"August3,2024/ Release Date",YZY,"Pop Rap, Trap, Alternative R&B",40,28,49 minutes,3,FIELD TRIP,2:47,,61,3146,https://www.albumoftheyear.org/album/854855-ys-vultures-2.php
VULTURES 2,¥$,"August3,2024/ Release Date",YZY,"Pop Rap, Trap, Alternative R&B",40,28,49 minutes,4,FRIED,2:59,,46,3041,https://www.albumoftheyear.org/album/854855-ys-vultures-2.php
VULTURES 2,¥$,"August3,2024/ Release Date",YZY,"Pop Rap, Trap, Alternative R&B",40,28,49 minutes,5,ISABELLA,0:08,,16,1908,https://www.albumoftheyear.org/album/854855-ys-vultures-2.php
VULTURES 2,¥$,"August3,2024/ Release Date",YZY,"Pop Rap, Trap, Alternative R&B",40,28,49 minutes,6,PROMOTION,2:38,,55,2981,https://www.albumoftheyear.org/album/854855-ys-vultures-2.php
VULTURES 2,¥$,"August3,2024/ Release Date",YZY,"Pop Rap, Trap, Alternative R&B",40,28,49 minutes,7,HUSBAND,2:17,,24,2991,https://www.albumoftheyear.org/album/854855-ys-vultures-2.php
VULTURES 2,¥$,"August3,2024/ Release Date",YZY,"Pop Rap, Trap, Alternative R&B",40,28,49 minutes,8,LIFESTYLE,3:23,,40,2912,https://www.albumoftheyear.org/album/854855-ys-vultures-2.php
VULTURES 2,¥$,"August3,2024/ Release Date",YZY,"Pop Rap, Trap, Alternative R&B",40,28,49 minutes,9,FOREVER,2:15,,36,2840,https://www.albumoftheyear.org/album/854855-ys-vultures-2.php
VULTURES 2,¥$,"August3,2024/ Release Date",YZY,"Pop Rap, Trap, Alternative R&B",40,28,49 minutes,10,BOMB,2:31,,18,3243,https://www.albumoftheyear.org/album/854855-ys-vultures-2.php
VULTURES 2,¥$,"August3,2024/ Release Date",YZY,"Pop Rap, Trap, Alternative R&B",40,28,49 minutes,11,RIVER,4:07,,63,3025,https://www.albumoftheyear.org/album/854855-ys-vultures-2.php
VULTURES 2,¥$,"August3,2024/ Release Date",YZY,"Pop Rap, Trap, Alternative R&B",40,28,49 minutes,12,530,4:50,,47,3021,https://www.albumoftheyear.org/album/854855-ys-vultures-2.php
VULTURES 2,¥$,"August3,2024/ Release Date",YZY,"Pop Rap, Trap, Alternative R&B",40,28,49 minutes,13,DEAD,4:23,,44,2876,https://www.albumoftheyear.org/album/854855-ys-vultures-2.php
VULTURES 2,¥$,"August3,2024/ Release Date",YZY,"Pop Rap, Trap, Alternative R&B",40,28,49 minutes,14,FOREVER ROLLING,3:17,,47,2849,https://www.albumoftheyear.org/album/854855-ys-vultures-2.php
VULTURES 2,¥$,"August3,2024/ Release Date",YZY,"Pop Rap, Trap, Alternative R&B",40,28,49 minutes,15,SKY CITY,4:22,,35,2947,https://www.albumoftheyear.org/album/854855-ys-vultures-2.php
VULTURES 2,¥$,"August3,2024/ Release Date",YZY,"Pop Rap, Trap, Alternative R&B",40,28,49 minutes,16,MY SOUL,3:44,,38,2818,https://www.albumoftheyear.org/album/854855-ys-vultures-2.php
